-- MySQL dump 10.13  Distrib 5.7.24, for Linux (x86_64)
--
-- Host: localhost    Database: memaker
-- ------------------------------------------------------
-- Server version	5.7.24-0ubuntu0.18.04.1

/*!40101 SET @OLD_CHARACTER_SET_CLIENT=@@CHARACTER_SET_CLIENT */;
/*!40101 SET @OLD_CHARACTER_SET_RESULTS=@@CHARACTER_SET_RESULTS */;
/*!40101 SET @OLD_COLLATION_CONNECTION=@@COLLATION_CONNECTION */;
/*!40101 SET NAMES utf8 */;
/*!40103 SET @OLD_TIME_ZONE=@@TIME_ZONE */;
/*!40103 SET TIME_ZONE='+00:00' */;
/*!40014 SET @OLD_UNIQUE_CHECKS=@@UNIQUE_CHECKS, UNIQUE_CHECKS=0 */;
/*!40014 SET @OLD_FOREIGN_KEY_CHECKS=@@FOREIGN_KEY_CHECKS, FOREIGN_KEY_CHECKS=0 */;
/*!40101 SET @OLD_SQL_MODE=@@SQL_MODE, SQL_MODE='NO_AUTO_VALUE_ON_ZERO' */;
/*!40111 SET @OLD_SQL_NOTES=@@SQL_NOTES, SQL_NOTES=0 */;

--
-- Table structure for table `accounts_userprofile`
--

DROP TABLE IF EXISTS `accounts_userprofile`;
/*!40101 SET @saved_cs_client     = @@character_set_client */;
/*!40101 SET character_set_client = utf8 */;
CREATE TABLE `accounts_userprofile` (
  `id` int(11) NOT NULL AUTO_INCREMENT,
  `description` varchar(200) DEFAULT NULL,
  `address` varchar(200) DEFAULT NULL,
  `phone` int(11) DEFAULT NULL,
  `user_id` int(11) NOT NULL,
  `birth` date DEFAULT NULL,
  `gender` varchar(1) DEFAULT NULL,
  `email_confirmed` tinyint(1) NOT NULL,
  `image` varchar(100) NOT NULL,
  `route` varchar(5) DEFAULT NULL,
  `agree` tinyint(1) NOT NULL,
  PRIMARY KEY (`id`),
  UNIQUE KEY `user_id` (`user_id`),
  CONSTRAINT `accounts_userprofile_user_id_92240672_fk_auth_user_id` FOREIGN KEY (`user_id`) REFERENCES `auth_user` (`id`)
) ENGINE=InnoDB AUTO_INCREMENT=50 DEFAULT CHARSET=utf8;
/*!40101 SET character_set_client = @saved_cs_client */;

--
-- Dumping data for table `accounts_userprofile`
--

LOCK TABLES `accounts_userprofile` WRITE;
/*!40000 ALTER TABLE `accounts_userprofile` DISABLE KEYS */;
INSERT INTO `accounts_userprofile` VALUES (12,'미메이커는 만들면서 배우는 코딩교육 서비스 입니다.','경기도 안양시 석수동 석수아이파크',1041340786,1,'1984-03-22','남',1,'account_image/1_memaker/memaker_logo_invisible.png','ETC',0),(45,NULL,NULL,NULL,44,NULL,NULL,0,'account_image/account_pic_default.png',NULL,0),(46,NULL,NULL,NULL,45,NULL,NULL,0,'account_image/account_pic_default.png','EDU',0),(47,NULL,NULL,NULL,46,NULL,NULL,0,'account_image/account_pic_default.png','EDU',0),(48,NULL,NULL,NULL,47,NULL,NULL,1,'account_image/account_pic_default.png','ING',1),(49,NULL,NULL,NULL,48,NULL,NULL,1,'account_image/account_pic_default.png','REC',1);
/*!40000 ALTER TABLE `accounts_userprofile` ENABLE KEYS */;
UNLOCK TABLES;

--
-- Table structure for table `accounts_userprofile_favorite`
--

DROP TABLE IF EXISTS `accounts_userprofile_favorite`;
/*!40101 SET @saved_cs_client     = @@character_set_client */;
/*!40101 SET character_set_client = utf8 */;
CREATE TABLE `accounts_userprofile_favorite` (
  `id` int(11) NOT NULL AUTO_INCREMENT,
  `userprofile_id` int(11) NOT NULL,
  `content_id` int(11) NOT NULL,
  PRIMARY KEY (`id`),
  UNIQUE KEY `accounts_userprofile_fav_userprofile_id_content_i_a15994cb_uniq` (`userprofile_id`,`content_id`),
  KEY `accounts_userprofile_content_id_3166a917_fk_products_` (`content_id`),
  CONSTRAINT `accounts_userprofile_content_id_3166a917_fk_products_` FOREIGN KEY (`content_id`) REFERENCES `products_content` (`id`),
  CONSTRAINT `accounts_userprofile_userprofile_id_6d2b83d4_fk_accounts_` FOREIGN KEY (`userprofile_id`) REFERENCES `accounts_userprofile` (`id`)
) ENGINE=InnoDB AUTO_INCREMENT=6 DEFAULT CHARSET=utf8;
/*!40101 SET character_set_client = @saved_cs_client */;

--
-- Dumping data for table `accounts_userprofile_favorite`
--

LOCK TABLES `accounts_userprofile_favorite` WRITE;
/*!40000 ALTER TABLE `accounts_userprofile_favorite` DISABLE KEYS */;
INSERT INTO `accounts_userprofile_favorite` VALUES (5,49,15);
/*!40000 ALTER TABLE `accounts_userprofile_favorite` ENABLE KEYS */;
UNLOCK TABLES;

--
-- Table structure for table `auth_group`
--

DROP TABLE IF EXISTS `auth_group`;
/*!40101 SET @saved_cs_client     = @@character_set_client */;
/*!40101 SET character_set_client = utf8 */;
CREATE TABLE `auth_group` (
  `id` int(11) NOT NULL AUTO_INCREMENT,
  `name` varchar(80) NOT NULL,
  PRIMARY KEY (`id`),
  UNIQUE KEY `name` (`name`)
) ENGINE=InnoDB DEFAULT CHARSET=utf8;
/*!40101 SET character_set_client = @saved_cs_client */;

--
-- Dumping data for table `auth_group`
--

LOCK TABLES `auth_group` WRITE;
/*!40000 ALTER TABLE `auth_group` DISABLE KEYS */;
/*!40000 ALTER TABLE `auth_group` ENABLE KEYS */;
UNLOCK TABLES;

--
-- Table structure for table `auth_group_permissions`
--

DROP TABLE IF EXISTS `auth_group_permissions`;
/*!40101 SET @saved_cs_client     = @@character_set_client */;
/*!40101 SET character_set_client = utf8 */;
CREATE TABLE `auth_group_permissions` (
  `id` int(11) NOT NULL AUTO_INCREMENT,
  `group_id` int(11) NOT NULL,
  `permission_id` int(11) NOT NULL,
  PRIMARY KEY (`id`),
  UNIQUE KEY `auth_group_permissions_group_id_permission_id_0cd325b0_uniq` (`group_id`,`permission_id`),
  KEY `auth_group_permissio_permission_id_84c5c92e_fk_auth_perm` (`permission_id`),
  CONSTRAINT `auth_group_permissio_permission_id_84c5c92e_fk_auth_perm` FOREIGN KEY (`permission_id`) REFERENCES `auth_permission` (`id`),
  CONSTRAINT `auth_group_permissions_group_id_b120cbf9_fk_auth_group_id` FOREIGN KEY (`group_id`) REFERENCES `auth_group` (`id`)
) ENGINE=InnoDB DEFAULT CHARSET=utf8;
/*!40101 SET character_set_client = @saved_cs_client */;

--
-- Dumping data for table `auth_group_permissions`
--

LOCK TABLES `auth_group_permissions` WRITE;
/*!40000 ALTER TABLE `auth_group_permissions` DISABLE KEYS */;
/*!40000 ALTER TABLE `auth_group_permissions` ENABLE KEYS */;
UNLOCK TABLES;

--
-- Table structure for table `auth_permission`
--

DROP TABLE IF EXISTS `auth_permission`;
/*!40101 SET @saved_cs_client     = @@character_set_client */;
/*!40101 SET character_set_client = utf8 */;
CREATE TABLE `auth_permission` (
  `id` int(11) NOT NULL AUTO_INCREMENT,
  `name` varchar(255) NOT NULL,
  `content_type_id` int(11) NOT NULL,
  `codename` varchar(100) NOT NULL,
  PRIMARY KEY (`id`),
  UNIQUE KEY `auth_permission_content_type_id_codename_01ab375a_uniq` (`content_type_id`,`codename`),
  CONSTRAINT `auth_permission_content_type_id_2f476e4b_fk_django_co` FOREIGN KEY (`content_type_id`) REFERENCES `django_content_type` (`id`)
) ENGINE=InnoDB AUTO_INCREMENT=121 DEFAULT CHARSET=utf8;
/*!40101 SET character_set_client = @saved_cs_client */;

--
-- Dumping data for table `auth_permission`
--

LOCK TABLES `auth_permission` WRITE;
/*!40000 ALTER TABLE `auth_permission` DISABLE KEYS */;
INSERT INTO `auth_permission` VALUES (1,'Can add log entry',1,'add_logentry'),(2,'Can change log entry',1,'change_logentry'),(3,'Can delete log entry',1,'delete_logentry'),(4,'Can view log entry',1,'view_logentry'),(5,'Can add permission',2,'add_permission'),(6,'Can change permission',2,'change_permission'),(7,'Can delete permission',2,'delete_permission'),(8,'Can view permission',2,'view_permission'),(9,'Can add group',3,'add_group'),(10,'Can change group',3,'change_group'),(11,'Can delete group',3,'delete_group'),(12,'Can view group',3,'view_group'),(13,'Can add user',4,'add_user'),(14,'Can change user',4,'change_user'),(15,'Can delete user',4,'delete_user'),(16,'Can view user',4,'view_user'),(17,'Can add content type',5,'add_contenttype'),(18,'Can change content type',5,'change_contenttype'),(19,'Can delete content type',5,'delete_contenttype'),(20,'Can view content type',5,'view_contenttype'),(21,'Can add session',6,'add_session'),(22,'Can change session',6,'change_session'),(23,'Can delete session',6,'delete_session'),(24,'Can view session',6,'view_session'),(25,'Can add source',7,'add_source'),(26,'Can change source',7,'change_source'),(27,'Can delete source',7,'delete_source'),(28,'Can view source',7,'view_source'),(29,'Can add thumbnail',8,'add_thumbnail'),(30,'Can change thumbnail',8,'change_thumbnail'),(31,'Can delete thumbnail',8,'delete_thumbnail'),(32,'Can view thumbnail',8,'view_thumbnail'),(33,'Can add thumbnail dimensions',9,'add_thumbnaildimensions'),(34,'Can change thumbnail dimensions',9,'change_thumbnaildimensions'),(35,'Can delete thumbnail dimensions',9,'delete_thumbnaildimensions'),(36,'Can view thumbnail dimensions',9,'view_thumbnaildimensions'),(37,'Can add choice',10,'add_choice'),(38,'Can change choice',10,'change_choice'),(39,'Can delete choice',10,'delete_choice'),(40,'Can view choice',10,'view_choice'),(41,'Can add question',11,'add_question'),(42,'Can change question',11,'change_question'),(43,'Can delete question',11,'delete_question'),(44,'Can view question',11,'view_question'),(45,'Can add intro',12,'add_intro'),(46,'Can change intro',12,'change_intro'),(47,'Can delete intro',12,'delete_intro'),(48,'Can view intro',12,'view_intro'),(49,'Can add category',13,'add_category'),(50,'Can change category',13,'change_category'),(51,'Can delete category',13,'delete_category'),(52,'Can view category',13,'view_category'),(53,'Can add detail',14,'add_detail'),(54,'Can change detail',14,'change_detail'),(55,'Can delete detail',14,'delete_detail'),(56,'Can view detail',14,'view_detail'),(57,'Can add product',15,'add_product'),(58,'Can change product',15,'change_product'),(59,'Can delete product',15,'delete_product'),(60,'Can view product',15,'view_product'),(61,'Can add category',16,'add_category'),(62,'Can change category',16,'change_category'),(63,'Can delete category',16,'delete_category'),(64,'Can view category',16,'view_category'),(65,'Can add lecture',17,'add_lecture'),(66,'Can change lecture',17,'change_lecture'),(67,'Can delete lecture',17,'delete_lecture'),(68,'Can view lecture',17,'view_lecture'),(69,'Can add section',18,'add_section'),(70,'Can change section',18,'change_section'),(71,'Can delete section',18,'delete_section'),(72,'Can view section',18,'view_section'),(73,'Can add video',19,'add_video'),(74,'Can change video',19,'change_video'),(75,'Can delete video',19,'delete_video'),(76,'Can view video',19,'view_video'),(77,'Can add user profile',20,'add_userprofile'),(78,'Can change user profile',20,'change_userprofile'),(79,'Can delete user profile',20,'delete_userprofile'),(80,'Can view user profile',20,'view_userprofile'),(81,'Can add board',21,'add_board'),(82,'Can change board',21,'change_board'),(83,'Can delete board',21,'delete_board'),(84,'Can view board',21,'view_board'),(85,'Can add topic',22,'add_topic'),(86,'Can change topic',22,'change_topic'),(87,'Can delete topic',22,'delete_topic'),(88,'Can view topic',22,'view_topic'),(89,'Can add post',23,'add_post'),(90,'Can change post',23,'change_post'),(91,'Can delete post',23,'delete_post'),(92,'Can view post',23,'view_post'),(93,'Can add content',24,'add_content'),(94,'Can change content',24,'change_content'),(95,'Can delete content',24,'delete_content'),(96,'Can view content',24,'view_content'),(97,'Can add file',25,'add_file'),(98,'Can change file',25,'change_file'),(99,'Can delete file',25,'delete_file'),(100,'Can view file',25,'view_file'),(101,'Can add image',26,'add_image'),(102,'Can change image',26,'change_image'),(103,'Can delete image',26,'delete_image'),(104,'Can view image',26,'view_image'),(105,'Can add appraisal',27,'add_appraisal'),(106,'Can change appraisal',27,'change_appraisal'),(107,'Can delete appraisal',27,'delete_appraisal'),(108,'Can view appraisal',27,'view_appraisal'),(109,'Can add lecture',28,'add_lecture'),(110,'Can change lecture',28,'change_lecture'),(111,'Can delete lecture',28,'delete_lecture'),(112,'Can view lecture',28,'view_lecture'),(113,'Can add reply chapter',29,'add_replychapter'),(114,'Can change reply chapter',29,'change_replychapter'),(115,'Can delete reply chapter',29,'delete_replychapter'),(116,'Can view reply chapter',29,'view_replychapter'),(117,'Can add video',30,'add_video'),(118,'Can change video',30,'change_video'),(119,'Can delete video',30,'delete_video'),(120,'Can view video',30,'view_video');
/*!40000 ALTER TABLE `auth_permission` ENABLE KEYS */;
UNLOCK TABLES;

--
-- Table structure for table `auth_user`
--

DROP TABLE IF EXISTS `auth_user`;
/*!40101 SET @saved_cs_client     = @@character_set_client */;
/*!40101 SET character_set_client = utf8 */;
CREATE TABLE `auth_user` (
  `id` int(11) NOT NULL AUTO_INCREMENT,
  `password` varchar(128) NOT NULL,
  `last_login` datetime(6) DEFAULT NULL,
  `is_superuser` tinyint(1) NOT NULL,
  `username` varchar(150) NOT NULL,
  `first_name` varchar(30) NOT NULL,
  `last_name` varchar(150) NOT NULL,
  `email` varchar(254) NOT NULL,
  `is_staff` tinyint(1) NOT NULL,
  `is_active` tinyint(1) NOT NULL,
  `date_joined` datetime(6) NOT NULL,
  PRIMARY KEY (`id`),
  UNIQUE KEY `username` (`username`)
) ENGINE=InnoDB AUTO_INCREMENT=49 DEFAULT CHARSET=utf8;
/*!40101 SET character_set_client = @saved_cs_client */;

--
-- Dumping data for table `auth_user`
--

LOCK TABLES `auth_user` WRITE;
/*!40000 ALTER TABLE `auth_user` DISABLE KEYS */;
INSERT INTO `auth_user` VALUES (1,'pbkdf2_sha256$120000$yc9TvpFFN2Mv$F7/VVxcbtpwAHMqMI5UvG86e5wR6dU9Uo1SvA11S+dY=','2019-01-17 07:18:04.972550',1,'memaker','미메이커','이','lsirikh@gmail.com',1,1,'2018-11-12 07:00:33.000000'),(44,'pbkdf2_sha256$120000$09pOzbvhapTS$wLx3rtnjSbN+9j2RUa0neQq1ccO6MH5hAqyr7HIxxbs=',NULL,0,'musicmaid1','김현옥','','musicmaid1@hanmail.net',0,0,'2018-12-31 13:46:00.565674'),(45,'pbkdf2_sha256$120000$tbcQa2pOfwgW$r0mFg3FvEx3mg4YMvooNcdzGvLd7x7RCKSHp4SG5K1s=','2019-01-03 11:11:18.441951',0,'ichbinsein7','표수영','','ichbinsein7@daum.net',0,1,'2019-01-03 10:29:35.341076'),(46,'pbkdf2_sha256$120000$JGggh0m1QOof$XFkohL6oD+kt4UYSYxVEmQX4SSHOhxykpyhLR69Q2aY=','2019-01-14 13:14:53.325898',0,'testuser02','이기호','','openfingers@naver.com',0,1,'2019-01-07 07:56:35.872324'),(47,'pbkdf2_sha256$120000$xj0jgNFADrJn$Ue4zR6N6q19mRudr5fTsNf67ChOidWr1b6lXJj9RZCA=','2019-01-08 14:29:44.861065',0,'testuser03','테스트유저','','lsirikh@naver.com',0,1,'2019-01-08 14:28:59.334248'),(48,'pbkdf2_sha256$120000$Im4sLEaiSACv$UzBKkGc7kIrKxeg5Ke/XmQxWZiCmo6qF3O9aTkPKCq0=','2019-01-16 10:27:45.089259',0,'codepunch','안병일','','wind80@gmail.com',0,1,'2019-01-16 10:10:33.680662');
/*!40000 ALTER TABLE `auth_user` ENABLE KEYS */;
UNLOCK TABLES;

--
-- Table structure for table `auth_user_groups`
--

DROP TABLE IF EXISTS `auth_user_groups`;
/*!40101 SET @saved_cs_client     = @@character_set_client */;
/*!40101 SET character_set_client = utf8 */;
CREATE TABLE `auth_user_groups` (
  `id` int(11) NOT NULL AUTO_INCREMENT,
  `user_id` int(11) NOT NULL,
  `group_id` int(11) NOT NULL,
  PRIMARY KEY (`id`),
  UNIQUE KEY `auth_user_groups_user_id_group_id_94350c0c_uniq` (`user_id`,`group_id`),
  KEY `auth_user_groups_group_id_97559544_fk_auth_group_id` (`group_id`),
  CONSTRAINT `auth_user_groups_group_id_97559544_fk_auth_group_id` FOREIGN KEY (`group_id`) REFERENCES `auth_group` (`id`),
  CONSTRAINT `auth_user_groups_user_id_6a12ed8b_fk_auth_user_id` FOREIGN KEY (`user_id`) REFERENCES `auth_user` (`id`)
) ENGINE=InnoDB DEFAULT CHARSET=utf8;
/*!40101 SET character_set_client = @saved_cs_client */;

--
-- Dumping data for table `auth_user_groups`
--

LOCK TABLES `auth_user_groups` WRITE;
/*!40000 ALTER TABLE `auth_user_groups` DISABLE KEYS */;
/*!40000 ALTER TABLE `auth_user_groups` ENABLE KEYS */;
UNLOCK TABLES;

--
-- Table structure for table `auth_user_user_permissions`
--

DROP TABLE IF EXISTS `auth_user_user_permissions`;
/*!40101 SET @saved_cs_client     = @@character_set_client */;
/*!40101 SET character_set_client = utf8 */;
CREATE TABLE `auth_user_user_permissions` (
  `id` int(11) NOT NULL AUTO_INCREMENT,
  `user_id` int(11) NOT NULL,
  `permission_id` int(11) NOT NULL,
  PRIMARY KEY (`id`),
  UNIQUE KEY `auth_user_user_permissions_user_id_permission_id_14a6b632_uniq` (`user_id`,`permission_id`),
  KEY `auth_user_user_permi_permission_id_1fbb5f2c_fk_auth_perm` (`permission_id`),
  CONSTRAINT `auth_user_user_permi_permission_id_1fbb5f2c_fk_auth_perm` FOREIGN KEY (`permission_id`) REFERENCES `auth_permission` (`id`),
  CONSTRAINT `auth_user_user_permissions_user_id_a95ead1b_fk_auth_user_id` FOREIGN KEY (`user_id`) REFERENCES `auth_user` (`id`)
) ENGINE=InnoDB DEFAULT CHARSET=utf8;
/*!40101 SET character_set_client = @saved_cs_client */;

--
-- Dumping data for table `auth_user_user_permissions`
--

LOCK TABLES `auth_user_user_permissions` WRITE;
/*!40000 ALTER TABLE `auth_user_user_permissions` DISABLE KEYS */;
/*!40000 ALTER TABLE `auth_user_user_permissions` ENABLE KEYS */;
UNLOCK TABLES;

--
-- Table structure for table `boards_board`
--

DROP TABLE IF EXISTS `boards_board`;
/*!40101 SET @saved_cs_client     = @@character_set_client */;
/*!40101 SET character_set_client = utf8 */;
CREATE TABLE `boards_board` (
  `id` int(11) NOT NULL AUTO_INCREMENT,
  `name` varchar(30) NOT NULL,
  `description` varchar(100) DEFAULT NULL,
  PRIMARY KEY (`id`),
  UNIQUE KEY `name` (`name`)
) ENGINE=InnoDB AUTO_INCREMENT=4 DEFAULT CHARSET=utf8;
/*!40101 SET character_set_client = @saved_cs_client */;

--
-- Dumping data for table `boards_board`
--

LOCK TABLES `boards_board` WRITE;
/*!40000 ALTER TABLE `boards_board` DISABLE KEYS */;
INSERT INTO `boards_board` VALUES (1,'코딩 강의 게시판','코딩 강의에 관련된 질문을 올려주세요.'),(2,'미메이커 코딩보드 게시판','미메이커 코딩 보드 및 키트를 사용하면서 문의사항을 올려주세요.'),(3,'3D모델링 및 출력 게시판','3D모델링 및 출력에 관련된 질문을 올려주세요.');
/*!40000 ALTER TABLE `boards_board` ENABLE KEYS */;
UNLOCK TABLES;

--
-- Table structure for table `boards_post`
--

DROP TABLE IF EXISTS `boards_post`;
/*!40101 SET @saved_cs_client     = @@character_set_client */;
/*!40101 SET character_set_client = utf8 */;
CREATE TABLE `boards_post` (
  `id` int(11) NOT NULL AUTO_INCREMENT,
  `message` longtext NOT NULL,
  `created_at` datetime(6) NOT NULL,
  `updated_at` datetime(6) NOT NULL,
  `topic_id` int(11) NOT NULL,
  `user_id` int(11) NOT NULL,
  `order` int(10) unsigned NOT NULL,
  `is_post_to_post` tinyint(1) NOT NULL,
  `post_to_post_address` int(10) unsigned DEFAULT NULL,
  PRIMARY KEY (`id`),
  KEY `boards_post_topic_id_f477c024_fk_boards_topic_id` (`topic_id`),
  KEY `boards_post_user_id_4f28d7d6_fk_auth_user_id` (`user_id`),
  CONSTRAINT `boards_post_topic_id_f477c024_fk_boards_topic_id` FOREIGN KEY (`topic_id`) REFERENCES `boards_topic` (`id`),
  CONSTRAINT `boards_post_user_id_4f28d7d6_fk_auth_user_id` FOREIGN KEY (`user_id`) REFERENCES `auth_user` (`id`)
) ENGINE=InnoDB AUTO_INCREMENT=278 DEFAULT CHARSET=utf8;
/*!40101 SET character_set_client = @saved_cs_client */;

--
-- Dumping data for table `boards_post`
--

LOCK TABLES `boards_post` WRITE;
/*!40000 ALTER TABLE `boards_post` DISABLE KEYS */;
INSERT INTO `boards_post` VALUES (275,'<p>응원합니다~! 미메이커 화이팅</p>','2019-01-16 10:32:53.679848','2019-01-17 07:20:35.274469',120,48,1,0,NULL),(276,'<p>역시 요즘은 유튜브가 대세인 것 같습니다. Memaker 계속 응원하겠습니다!</p>','2019-01-16 10:34:24.118808','2019-01-16 10:34:24.118843',121,48,0,0,NULL),(277,'<p><span style=\"font-size:14px\"><strong>codepunch님 감사합니다. </strong></span></p>\r\n\r\n<p>&nbsp;</p>\r\n\r\n<div style=\"background:#eeeeee; border-image:none; border:1px solid #cccccc; padding:5px 10px\"><span style=\"font-size:14px\"><strong>대한민국 대표 가상키보드 앱 Willingkey 대박입니다!</strong></span></div>\r\n\r\n<div style=\"background:#eeeeee; border-image:none; border:1px solid #cccccc; padding:5px 10px\"><a href=\"https://www.willinkey.com/\"><span style=\"font-size:14px\"><strong>윌링키 체험하기</strong></span></a></div>','2019-01-17 07:20:35.278433','2019-01-17 07:20:35.278461',120,1,0,1,275);
/*!40000 ALTER TABLE `boards_post` ENABLE KEYS */;
UNLOCK TABLES;

--
-- Table structure for table `boards_topic`
--

DROP TABLE IF EXISTS `boards_topic`;
/*!40101 SET @saved_cs_client     = @@character_set_client */;
/*!40101 SET character_set_client = utf8 */;
CREATE TABLE `boards_topic` (
  `id` int(11) NOT NULL AUTO_INCREMENT,
  `title` varchar(255) NOT NULL,
  `message` longtext NOT NULL,
  `created_at` datetime(6) NOT NULL,
  `updated_at` datetime(6) NOT NULL,
  `views` int(10) unsigned NOT NULL,
  `board_id` int(11) NOT NULL,
  `user_id` int(11) NOT NULL,
  PRIMARY KEY (`id`),
  KEY `boards_topic_board_id_4462fe82_fk_boards_board_id` (`board_id`),
  KEY `boards_topic_user_id_599505cb_fk_auth_user_id` (`user_id`),
  CONSTRAINT `boards_topic_board_id_4462fe82_fk_boards_board_id` FOREIGN KEY (`board_id`) REFERENCES `boards_board` (`id`),
  CONSTRAINT `boards_topic_user_id_599505cb_fk_auth_user_id` FOREIGN KEY (`user_id`) REFERENCES `auth_user` (`id`)
) ENGINE=InnoDB AUTO_INCREMENT=122 DEFAULT CHARSET=utf8;
/*!40101 SET character_set_client = @saved_cs_client */;

--
-- Dumping data for table `boards_topic`
--

LOCK TABLES `boards_topic` WRITE;
/*!40000 ALTER TABLE `boards_topic` DISABLE KEYS */;
INSERT INTO `boards_topic` VALUES (113,'안녕하세요. 코딩 강의 게시판에 오신것을 환영합니다.','<p><span style=\"font-size:16px\">안녕하세요.</span></p>\r\n\r\n<p><span style=\"font-size:16px\">미메이커의 <span style=\"color:#8e44ad\"><strong>코딩선장</strong></span>입니다!</span></p>\r\n\r\n<p><span style=\"font-size:16px\">우리가 배우면서 생기는 다양한 궁금증을 게시판에 올리고 해결해보세요.</span></p>\r\n\r\n<p><span style=\"font-size:16px\">저 뿐만 아니라 다양한 유저들이 함께 고민하고 문제를 해결하는 공간으로 활용해봅시다!</span></p>\r\n\r\n<div style=\"background:#eeeeee; border:1px solid #cccccc; padding:5px 10px\"><img alt=\"\" height=\"108\" src=\"/uploads/files/memaker/2018/12/31/feature03.png\" width=\"108\" />&nbsp;&nbsp;<span style=\"font-size:14px\"><em><q>만들면서 배우는 코딩 교육 서비스 미메이커</q></em></span></div>','2018-12-31 03:29:59.555895','2019-01-12 07:53:19.309173',40,1,1),(114,'미메이커 코딩 보드 게시판을 통해 더 많은 도전과 고민을 공유해봅시다!','<p><span style=\"font-size:18px\">안녕하세요.</span></p>\r\n\r\n<p><span style=\"font-size:18px\"><span style=\"color:#8e44ad\"><strong>코딩선장</strong></span>입니다!</span></p>\r\n\r\n<p><span style=\"font-size:18px\">미메이커 코딩 보드 게시판에서는 여러분이 만들어본 미메이커 키트, 미메이커 코딩 프로젝트의 다양한 궁금증과 노하우를 공유하고 해결하는 자리입니다.</span></p>\r\n\r\n<p><span style=\"font-size:18px\">코딩선장도 여러분의 프로젝트에 함께 동참하여 만들면서 배우는 코딩교육서비스를 완성하는데 성실한 길잡이가 되어드리겠습니다.</span></p>\r\n\r\n<p><span style=\"font-size:18px\">감사합니다!</span></p>\r\n\r\n<p><img alt=\"yes\" height=\"23\" src=\"http://ec2-13-209-5-163.ap-northeast-2.compute.amazonaws.com/static/ckeditor/ckeditor/plugins/smiley/images/thumbs_up.png\" title=\"yes\" width=\"23\" /></p>\r\n\r\n<figure class=\"image\"><img alt=\"\" height=\"534\" src=\"/uploads/files/memaker/2018/12/31/shutterstock_323893160.jpg\" width=\"800\" />\r\n<figcaption>미메이커는 만들면서 배우는 코딩교육 서비스 입니다.</figcaption>\r\n</figure>','2018-12-31 03:36:07.713093','2019-01-11 15:42:30.113662',26,2,1),(115,'3D모델링 및 출력 게시판에서 다양한 지식과 노하우를 공유해보세요!','<p><span style=\"font-size:18px\">안녕하세요.</span></p>\r\n\r\n<p><span style=\"font-size:18px\"><span style=\"color:#8e44ad\"><strong>코딩선장</strong></span>입니다.</span></p>\r\n\r\n<p><span style=\"font-size:18px\">미메이커는 3D 모델링과 3D 프린팅에 관한 다양한 지식과 노하우를 활용하여 여러분의 궁금증을 해결해드리기 위해 노력하고 있습니다.</span></p>\r\n\r\n<p><span style=\"font-size:18px\">미메이커의 3D 모델링 프로젝트를 활용하면 여러분의 나만의 제품을 만들어서 활용할 수 있습니다.</span></p>\r\n\r\n<p><span style=\"font-size:18px\">코딩은 단순한 논리 지식이 아니라 실생활에 활용할 수 있고, 우리 삶의 문제를 해결할 수 있는 나의 삶이라는 것을 경험해보세요!</span></p>\r\n\r\n<p><span style=\"font-size:18px\">3D 모델링 메이커 프로젝트를 이용하여 수준있는 프로젝트를 만들어 보세요.</span></p>\r\n\r\n<p><span style=\"font-size:18px\">감사합니다!</span></p>\r\n\r\n<figure class=\"image\"><img alt=\"\" height=\"400\" src=\"/uploads/files/memaker/2018/12/31/3d.png\" width=\"800\" />\r\n<figcaption>미메이커 코딩보드를 활용한 3D 모델링 메이커 프로젝트</figcaption>\r\n</figure>','2018-12-31 03:56:23.498160','2019-01-11 15:44:04.879661',35,3,1),(120,'[공지] 앞으로 강의는 유투브로 공유됩니다.','<p><img alt=\"\" height=\"876\" src=\"/uploads/files/memaker/2019/01/09/_.png\" width=\"700\" /></p>','2019-01-08 15:53:23.128454','2019-01-12 07:53:14.918954',27,1,1),(121,'미메이커 콘텐츠를 이제 유투브로 보실 수 있습니다.','<p style=\"text-align:center\"><img alt=\"\" height=\"876\" src=\"/uploads/files/memaker/2019/01/12/_.png\" width=\"700\" /></p>','2019-01-12 09:15:19.200867','2019-01-12 09:15:19.200536',19,2,1);
/*!40000 ALTER TABLE `boards_topic` ENABLE KEYS */;
UNLOCK TABLES;

--
-- Table structure for table `django_admin_log`
--

DROP TABLE IF EXISTS `django_admin_log`;
/*!40101 SET @saved_cs_client     = @@character_set_client */;
/*!40101 SET character_set_client = utf8 */;
CREATE TABLE `django_admin_log` (
  `id` int(11) NOT NULL AUTO_INCREMENT,
  `action_time` datetime(6) NOT NULL,
  `object_id` longtext,
  `object_repr` varchar(200) NOT NULL,
  `action_flag` smallint(5) unsigned NOT NULL,
  `change_message` longtext NOT NULL,
  `content_type_id` int(11) DEFAULT NULL,
  `user_id` int(11) NOT NULL,
  PRIMARY KEY (`id`),
  KEY `django_admin_log_content_type_id_c4bce8eb_fk_django_co` (`content_type_id`),
  KEY `django_admin_log_user_id_c564eba6_fk_auth_user_id` (`user_id`),
  CONSTRAINT `django_admin_log_content_type_id_c4bce8eb_fk_django_co` FOREIGN KEY (`content_type_id`) REFERENCES `django_content_type` (`id`),
  CONSTRAINT `django_admin_log_user_id_c564eba6_fk_auth_user_id` FOREIGN KEY (`user_id`) REFERENCES `auth_user` (`id`)
) ENGINE=InnoDB AUTO_INCREMENT=478 DEFAULT CHARSET=utf8;
/*!40101 SET character_set_client = @saved_cs_client */;

--
-- Dumping data for table `django_admin_log`
--

LOCK TABLES `django_admin_log` WRITE;
/*!40000 ALTER TABLE `django_admin_log` DISABLE KEYS */;
INSERT INTO `django_admin_log` VALUES (1,'2018-11-12 08:53:56.396187','1','미메이커 코딩보드',1,'[{\"added\": {}}]',12,1),(2,'2018-11-12 08:54:37.593560','2','교육 영상 콘텐츠',1,'[{\"added\": {}}]',12,1),(3,'2018-11-12 08:55:16.184030','3','코딩 교육 교재',1,'[{\"added\": {}}]',12,1),(4,'2018-11-12 08:56:08.335419','1','교재',1,'[{\"added\": {}}]',13,1),(5,'2018-11-12 08:56:14.416603','2','언플러그드',1,'[{\"added\": {}}]',13,1),(6,'2018-11-12 08:56:19.351440','3','조립키트',1,'[{\"added\": {}}]',13,1),(7,'2018-11-12 08:56:25.065066','4','코딩보드',1,'[{\"added\": {}}]',13,1),(8,'2018-11-12 09:02:32.958208','1','[교재] 엔트리로 S/W 코딩의 이해(강의 영상 제공)',1,'[{\"added\": {}}, {\"added\": {\"name\": \"detail\", \"object\": \"1\"}}, {\"added\": {\"name\": \"detail\", \"object\": \"2\"}}, {\"added\": {\"name\": \"detail\", \"object\": \"3\"}}, {\"added\": {\"name\": \"detail\", \"object\": \"4\"}}, {\"added\": {\"name\": \"detail\", \"object\": \"5\"}}, {\"added\": {\"name\": \"detail\", \"object\": \"6\"}}, {\"added\": {\"name\": \"detail\", \"object\": \"7\"}}]',15,1),(9,'2018-11-12 09:05:25.076460','1','[교재] 엔트리로 S/W 코딩의 이해(강의 영상 제공)',2,'[{\"added\": {\"name\": \"detail\", \"object\": \"8\"}}, {\"added\": {\"name\": \"detail\", \"object\": \"9\"}}, {\"added\": {\"name\": \"detail\", \"object\": \"10\"}}, {\"added\": {\"name\": \"detail\", \"object\": \"11\"}}, {\"added\": {\"name\": \"detail\", \"object\": \"12\"}}]',15,1),(10,'2018-11-12 09:11:49.069690','2','[교재] 로봇 코딩의 이해(무료 영상 준비중)',1,'[{\"added\": {}}, {\"added\": {\"name\": \"detail\", \"object\": \"13\"}}, {\"added\": {\"name\": \"detail\", \"object\": \"14\"}}, {\"added\": {\"name\": \"detail\", \"object\": \"15\"}}, {\"added\": {\"name\": \"detail\", \"object\": \"16\"}}, {\"added\": {\"name\": \"detail\", \"object\": \"17\"}}, {\"added\": {\"name\": \"detail\", \"object\": \"18\"}}, {\"added\": {\"name\": \"detail\", \"object\": \"19\"}}, {\"added\": {\"name\": \"detail\", \"object\": \"20\"}}, {\"added\": {\"name\": \"detail\", \"object\": \"21\"}}, {\"added\": {\"name\": \"detail\", \"object\": \"22\"}}]',15,1),(11,'2018-11-12 09:26:55.389151','3','[보드]미메이커 코딩보드 DIY',1,'[{\"added\": {}}, {\"added\": {\"name\": \"detail\", \"object\": \"23\"}}, {\"added\": {\"name\": \"detail\", \"object\": \"24\"}}, {\"added\": {\"name\": \"detail\", \"object\": \"25\"}}, {\"added\": {\"name\": \"detail\", \"object\": \"26\"}}, {\"added\": {\"name\": \"detail\", \"object\": \"27\"}}, {\"added\": {\"name\": \"detail\", \"object\": \"28\"}}, {\"added\": {\"name\": \"detail\", \"object\": \"29\"}}, {\"added\": {\"name\": \"detail\", \"object\": \"30\"}}, {\"added\": {\"name\": \"detail\", \"object\": \"31\"}}, {\"added\": {\"name\": \"detail\", \"object\": \"32\"}}, {\"added\": {\"name\": \"detail\", \"object\": \"33\"}}, {\"added\": {\"name\": \"detail\", \"object\": \"34\"}}, {\"added\": {\"name\": \"detail\", \"object\": \"35\"}}, {\"added\": {\"name\": \"detail\", \"object\": \"36\"}}, {\"added\": {\"name\": \"detail\", \"object\": \"37\"}}, {\"added\": {\"name\": \"detail\", \"object\": \"38\"}}, {\"added\": {\"name\": \"detail\", \"object\": \"39\"}}, {\"added\": {\"name\": \"detail\", \"object\": \"40\"}}, {\"added\": {\"name\": \"detail\", \"object\": \"41\"}}, {\"added\": {\"name\": \"detail\", \"object\": \"42\"}}, {\"added\": {\"name\": \"detail\", \"object\": \"43\"}}, {\"added\": {\"name\": \"detail\", \"object\": \"44\"}}, {\"added\": {\"name\": \"detail\", \"object\": \"45\"}}, {\"added\": {\"name\": \"detail\", \"object\": \"46\"}}, {\"added\": {\"name\": \"detail\", \"object\": \"47\"}}, {\"added\": {\"name\": \"detail\", \"object\": \"48\"}}, {\"added\": {\"name\": \"detail\", \"object\": \"49\"}}, {\"added\": {\"name\": \"detail\", \"object\": \"50\"}}, {\"added\": {\"name\": \"detail\", \"object\": \"51\"}}, {\"added\": {\"name\": \"detail\", \"object\": \"52\"}}, {\"added\": {\"name\": \"detail\", \"object\": \"53\"}}]',15,1),(12,'2018-11-12 09:35:12.197679','4','[키트] 악어복불복 게임 만들기 키트(미메이커보드)',1,'[{\"added\": {}}, {\"added\": {\"name\": \"detail\", \"object\": \"54\"}}, {\"added\": {\"name\": \"detail\", \"object\": \"55\"}}, {\"added\": {\"name\": \"detail\", \"object\": \"56\"}}, {\"added\": {\"name\": \"detail\", \"object\": \"57\"}}, {\"added\": {\"name\": \"detail\", \"object\": \"58\"}}, {\"added\": {\"name\": \"detail\", \"object\": \"59\"}}, {\"added\": {\"name\": \"detail\", \"object\": \"60\"}}, {\"added\": {\"name\": \"detail\", \"object\": \"61\"}}, {\"added\": {\"name\": \"detail\", \"object\": \"62\"}}, {\"added\": {\"name\": \"detail\", \"object\": \"63\"}}, {\"added\": {\"name\": \"detail\", \"object\": \"64\"}}, {\"added\": {\"name\": \"detail\", \"object\": \"65\"}}, {\"added\": {\"name\": \"detail\", \"object\": \"66\"}}, {\"added\": {\"name\": \"detail\", \"object\": \"67\"}}, {\"added\": {\"name\": \"detail\", \"object\": \"68\"}}]',15,1),(13,'2018-11-12 09:40:19.470004','5','[키트] 스마트스탠드 만들기 키트(미메이커보드)',1,'[{\"added\": {}}, {\"added\": {\"name\": \"detail\", \"object\": \"69\"}}, {\"added\": {\"name\": \"detail\", \"object\": \"70\"}}, {\"added\": {\"name\": \"detail\", \"object\": \"71\"}}, {\"added\": {\"name\": \"detail\", \"object\": \"72\"}}, {\"added\": {\"name\": \"detail\", \"object\": \"73\"}}, {\"added\": {\"name\": \"detail\", \"object\": \"74\"}}, {\"added\": {\"name\": \"detail\", \"object\": \"75\"}}, {\"added\": {\"name\": \"detail\", \"object\": \"76\"}}]',15,1),(14,'2018-11-12 09:44:54.470735','6','[키트] 꽃 무드등 만들기 키트(미메이커보드)',1,'[{\"added\": {}}, {\"added\": {\"name\": \"detail\", \"object\": \"77\"}}, {\"added\": {\"name\": \"detail\", \"object\": \"78\"}}, {\"added\": {\"name\": \"detail\", \"object\": \"79\"}}, {\"added\": {\"name\": \"detail\", \"object\": \"80\"}}, {\"added\": {\"name\": \"detail\", \"object\": \"81\"}}, {\"added\": {\"name\": \"detail\", \"object\": \"82\"}}, {\"added\": {\"name\": \"detail\", \"object\": \"83\"}}, {\"added\": {\"name\": \"detail\", \"object\": \"84\"}}]',15,1),(15,'2018-11-12 09:45:13.216341','6','[키트] 꽃 무드등 만들기 키트(미메이커보드)',2,'[{\"changed\": {\"fields\": [\"product_image\"]}}]',15,1),(16,'2018-11-12 09:45:22.910544','5','[키트] 스마트스탠드 만들기 키트(미메이커보드)',2,'[{\"changed\": {\"name\": \"detail\", \"object\": \"76\", \"fields\": [\"lower_line\"]}}]',15,1),(17,'2018-11-12 09:45:28.995069','4','[키트] 악어복불복 게임 만들기 키트(미메이커보드)',2,'[{\"changed\": {\"name\": \"detail\", \"object\": \"68\", \"fields\": [\"lower_line\"]}}]',15,1),(18,'2018-11-12 09:50:14.592289','7','[키트] 주차장 차단기 만들기 키트(미메이커보드)',1,'[{\"added\": {}}, {\"added\": {\"name\": \"detail\", \"object\": \"85\"}}, {\"added\": {\"name\": \"detail\", \"object\": \"86\"}}, {\"added\": {\"name\": \"detail\", \"object\": \"87\"}}, {\"added\": {\"name\": \"detail\", \"object\": \"88\"}}, {\"added\": {\"name\": \"detail\", \"object\": \"89\"}}, {\"added\": {\"name\": \"detail\", \"object\": \"90\"}}, {\"added\": {\"name\": \"detail\", \"object\": \"91\"}}, {\"added\": {\"name\": \"detail\", \"object\": \"92\"}}]',15,1),(19,'2018-11-12 09:51:23.625650','7','[키트] 주차장 차단기 만들기 키트(미메이커보드)',2,'[{\"changed\": {\"fields\": [\"isSale\"]}}]',15,1),(20,'2018-11-12 09:55:41.276736','8','[키트] 스탑워치 만들기 키트(미메이커보드)',1,'[{\"added\": {}}, {\"added\": {\"name\": \"detail\", \"object\": \"93\"}}, {\"added\": {\"name\": \"detail\", \"object\": \"94\"}}, {\"added\": {\"name\": \"detail\", \"object\": \"95\"}}, {\"added\": {\"name\": \"detail\", \"object\": \"96\"}}, {\"added\": {\"name\": \"detail\", \"object\": \"97\"}}, {\"added\": {\"name\": \"detail\", \"object\": \"98\"}}, {\"added\": {\"name\": \"detail\", \"object\": \"99\"}}, {\"added\": {\"name\": \"detail\", \"object\": \"100\"}}]',15,1),(21,'2018-11-12 10:31:27.871296','9','[키트] 조이스틱 만들기 키트(미메이커보드)',1,'[{\"added\": {}}, {\"added\": {\"name\": \"detail\", \"object\": \"101\"}}, {\"added\": {\"name\": \"detail\", \"object\": \"102\"}}, {\"added\": {\"name\": \"detail\", \"object\": \"103\"}}, {\"added\": {\"name\": \"detail\", \"object\": \"104\"}}, {\"added\": {\"name\": \"detail\", \"object\": \"105\"}}, {\"added\": {\"name\": \"detail\", \"object\": \"106\"}}, {\"added\": {\"name\": \"detail\", \"object\": \"107\"}}, {\"added\": {\"name\": \"detail\", \"object\": \"108\"}}, {\"added\": {\"name\": \"detail\", \"object\": \"109\"}}, {\"added\": {\"name\": \"detail\", \"object\": \"110\"}}]',15,1),(22,'2018-11-12 10:31:36.917307','9','[키트] 조이스틱 만들기 키트(미메이커보드)',2,'[{\"changed\": {\"name\": \"detail\", \"object\": \"110\", \"fields\": [\"lower_line\"]}}]',15,1),(23,'2018-11-12 10:35:50.801016','10','[키트] 스마트 주차장 만들기 키트(미메이커보드)',1,'[{\"added\": {}}, {\"added\": {\"name\": \"detail\", \"object\": \"111\"}}, {\"added\": {\"name\": \"detail\", \"object\": \"112\"}}, {\"added\": {\"name\": \"detail\", \"object\": \"113\"}}, {\"added\": {\"name\": \"detail\", \"object\": \"114\"}}, {\"added\": {\"name\": \"detail\", \"object\": \"115\"}}, {\"added\": {\"name\": \"detail\", \"object\": \"116\"}}, {\"added\": {\"name\": \"detail\", \"object\": \"117\"}}, {\"added\": {\"name\": \"detail\", \"object\": \"118\"}}, {\"added\": {\"name\": \"detail\", \"object\": \"119\"}}, {\"added\": {\"name\": \"detail\", \"object\": \"120\"}}]',15,1),(24,'2018-11-12 10:40:43.814499','11','[키트] 거리측정기 만들기 키트(미메이커보드)',1,'[{\"added\": {}}, {\"added\": {\"name\": \"detail\", \"object\": \"121\"}}, {\"added\": {\"name\": \"detail\", \"object\": \"122\"}}, {\"added\": {\"name\": \"detail\", \"object\": \"123\"}}, {\"added\": {\"name\": \"detail\", \"object\": \"124\"}}, {\"added\": {\"name\": \"detail\", \"object\": \"125\"}}, {\"added\": {\"name\": \"detail\", \"object\": \"126\"}}, {\"added\": {\"name\": \"detail\", \"object\": \"127\"}}, {\"added\": {\"name\": \"detail\", \"object\": \"128\"}}]',15,1),(25,'2018-11-12 10:43:50.457595','1','온라인',1,'[{\"added\": {}}]',18,1),(26,'2018-11-12 10:43:55.025637','2','오프라인',1,'[{\"added\": {}}]',18,1),(27,'2018-11-12 10:44:03.119307','3','온/오프라인 혼합',1,'[{\"added\": {}}]',18,1),(28,'2018-11-12 10:44:12.664553','1','엔트리',1,'[{\"added\": {}}]',16,1),(29,'2018-11-12 10:44:18.113722','2','스크래치',1,'[{\"added\": {}}]',16,1),(30,'2018-11-12 10:44:23.056991','3','메이커',1,'[{\"added\": {}}]',16,1),(31,'2018-11-12 10:48:03.722681','1','[초등학교 완벽대비] 엔트리를 활용한 SW 코딩의 이해',1,'[{\"added\": {}}]',17,1),(32,'2018-11-12 10:48:12.557854','1','[초등학교 완벽대비] 엔트리를 활용한 SW 코딩의 이해',2,'[{\"changed\": {\"fields\": [\"section\", \"category\"]}}]',17,1),(33,'2018-11-12 11:03:57.192249','2','Tinkeracd로 배우는 3D 프린터 기초와 모델링',1,'[{\"added\": {}}, {\"added\": {\"name\": \"video\", \"object\": \"Video object (1)\"}}, {\"added\": {\"name\": \"video\", \"object\": \"Video object (2)\"}}, {\"added\": {\"name\": \"video\", \"object\": \"Video object (3)\"}}, {\"added\": {\"name\": \"video\", \"object\": \"Video object (4)\"}}, {\"added\": {\"name\": \"video\", \"object\": \"Video object (5)\"}}, {\"added\": {\"name\": \"video\", \"object\": \"Video object (6)\"}}, {\"added\": {\"name\": \"video\", \"object\": \"Video object (7)\"}}, {\"added\": {\"name\": \"video\", \"object\": \"Video object (8)\"}}]',17,1),(34,'2018-11-12 11:06:15.187707','3','[무료][5분 영상] 엔트리(이론)',1,'[{\"added\": {}}]',17,1),(35,'2018-11-12 11:07:21.091328','4','[무료][5분 영상] 엔트리(기초, 예제)',1,'[{\"added\": {}}]',17,1),(36,'2018-11-12 11:09:36.398432','11','[키트] 거리측정기 만들기 키트(미메이커보드)',2,'[{\"changed\": {\"fields\": [\"product_image\"]}}]',15,1),(37,'2018-11-12 12:10:52.298112','2','Tinkeracd로 배우는 3D 프린터 기초와 모델링',2,'[{\"changed\": {\"fields\": [\"description\"]}}]',17,1),(38,'2018-11-17 10:41:44.744179','1','[초등학교 완벽대비] 엔트리를 활용한 SW 코딩의 이해',2,'[{\"changed\": {\"fields\": [\"material\"]}}]',17,1),(39,'2018-11-17 13:44:15.620854','3','[보드]미메이커 코딩보드 DIY',2,'[{\"changed\": {\"fields\": [\"related_lec\"]}}]',15,1),(40,'2018-11-17 13:48:43.893511','2','[교재] 로봇 코딩의 이해(무료 영상 준비중)',2,'[{\"changed\": {\"fields\": [\"related_lec\"]}}]',15,1),(41,'2018-11-18 03:55:29.167330','1','이름은?',1,'[{\"added\": {}}, {\"added\": {\"name\": \"choice\", \"object\": \"\\uc774\\uae30\\ud638\"}}, {\"added\": {\"name\": \"choice\", \"object\": \"\\uc800\\uae30\\ud638\"}}, {\"added\": {\"name\": \"choice\", \"object\": \"\\ubc15\\uae30\\ud638\"}}]',11,1),(42,'2018-11-18 06:19:28.242962','2','testuser1',1,'[{\"added\": {}}]',4,1),(43,'2018-11-18 06:19:31.276329','1','UserProfile object (1)',1,'[{\"added\": {}}]',20,1),(44,'2018-11-19 07:03:58.081793','1','lsirikh',2,'[{\"changed\": {\"fields\": [\"first_name\", \"last_name\"]}}]',4,1),(45,'2018-11-19 07:04:16.762151','1','lsirikh',2,'[{\"changed\": {\"fields\": [\"first_name\", \"last_name\"]}}]',4,1),(46,'2018-11-23 03:21:06.696542','10','testuser8',2,'[{\"changed\": {\"fields\": [\"is_active\"]}}]',4,1),(47,'2018-11-23 03:31:13.282343','7','testuser5',2,'[{\"changed\": {\"fields\": [\"is_active\"]}}]',4,1),(48,'2018-11-27 02:30:28.937048','17','testuser15',3,'',4,1),(49,'2018-11-27 02:31:27.598394','2','testuser1',3,'',4,1),(50,'2018-11-27 02:31:27.602502','12','testuser10',3,'',4,1),(51,'2018-11-27 02:31:27.605894','13','testuser11',3,'',4,1),(52,'2018-11-27 02:31:27.608763','14','testuser12',3,'',4,1),(53,'2018-11-27 02:31:27.611777','15','testuser13',3,'',4,1),(54,'2018-11-27 02:31:27.617318','16','testuser14',3,'',4,1),(55,'2018-11-27 02:31:27.619944','7','testuser5',3,'',4,1),(56,'2018-11-27 02:31:27.621662','8','testuser6',3,'',4,1),(57,'2018-11-27 02:31:27.623772','9','testuser7',3,'',4,1),(58,'2018-11-27 02:31:27.625987','10','testuser8',3,'',4,1),(59,'2018-11-27 02:31:27.628753','11','testuser9',3,'',4,1),(60,'2018-11-27 02:31:27.634763','3','usertest2',3,'',4,1),(61,'2018-11-27 02:31:27.636979','4','usertest3',3,'',4,1),(62,'2018-11-27 02:31:27.639264','5','usertest4',3,'',4,1),(63,'2018-11-27 02:31:27.641069','6','usertest5',3,'',4,1),(64,'2018-11-27 07:47:36.632782','20','testuser02',2,'[{\"changed\": {\"fields\": [\"birth\", \"gender\"]}}]',20,1),(65,'2018-11-28 06:56:41.738306','20','testuser02',2,'[{\"changed\": {\"fields\": [\"favorite_lecture\"]}}]',20,1),(66,'2018-12-05 07:12:45.757893','12','lsirikh',2,'[{\"changed\": {\"fields\": [\"email_confirmed\"]}}]',20,1),(67,'2018-12-05 07:12:54.071325','19','testuser01',2,'[{\"changed\": {\"fields\": [\"email_confirmed\"]}}]',20,1),(68,'2018-12-05 07:12:59.601316','20','testuser02',2,'[{\"changed\": {\"fields\": [\"email_confirmed\"]}}]',20,1),(69,'2018-12-05 07:13:06.607837','21','testuser03',2,'[{\"changed\": {\"fields\": [\"email_confirmed\"]}}]',20,1),(70,'2018-12-05 07:14:20.056797','21','testuser04',3,'',4,1),(71,'2018-12-05 07:36:46.810648','22','testuser04',3,'',4,1),(72,'2018-12-05 07:36:46.813567','23','testuser05',3,'',4,1),(73,'2018-12-05 07:43:22.083913','24','testuser04',3,'',4,1),(74,'2018-12-05 07:47:24.931353','25','testuser04',3,'',4,1),(75,'2018-12-05 07:47:24.935493','26','testuser05',3,'',4,1),(76,'2018-12-05 07:47:24.938435','27','testuser06',3,'',4,1),(77,'2018-12-05 07:53:54.638044','28','testuser04',3,'',4,1),(78,'2018-12-09 08:30:30.050349','20','testuser03',2,'[{\"changed\": {\"fields\": [\"is_active\"]}}]',4,1),(79,'2018-12-12 15:09:36.375523','12','lsirikh',2,'[{\"changed\": {\"fields\": [\"image\"]}}]',20,1),(80,'2018-12-15 16:39:33.286167','1','코딩 강의 게시판',1,'[{\"added\": {}}]',21,1),(81,'2018-12-15 16:40:02.026930','2','미메이커 코딩보드 게시판',1,'[{\"added\": {}}]',21,1),(82,'2018-12-15 16:40:41.182920','3','3D모델링 및 출력 게시판',1,'[{\"added\": {}}]',21,1),(83,'2018-12-15 16:49:19.708700','3','3D모델링 및 출력',2,'[{\"changed\": {\"fields\": [\"name\"]}}]',21,1),(84,'2018-12-15 16:49:29.129852','2','미메이커 코딩보드',2,'[{\"changed\": {\"fields\": [\"name\"]}}]',21,1),(85,'2018-12-15 16:49:38.141653','1','코딩 강의',2,'[{\"changed\": {\"fields\": [\"name\"]}}]',21,1),(86,'2018-12-16 10:27:19.516562','1','테스트입니다.',1,'[{\"added\": {}}]',22,1),(87,'2018-12-16 10:28:46.451689','1','Post object (1)',1,'[{\"added\": {}}]',23,1),(88,'2018-12-19 04:04:52.886056','2','두 번째 테스트 입니다.',1,'[{\"added\": {}}]',22,1),(89,'2018-12-19 05:51:18.831776','4','아두이노',1,'[{\"added\": {}}]',21,1),(90,'2018-12-19 05:53:49.566251','3','세 번째 테스트 입니다.',1,'[{\"added\": {}}]',22,1),(91,'2018-12-19 05:59:26.977514','4','네 번째 테스트입니다.',1,'[{\"added\": {}}]',22,1),(92,'2018-12-19 06:00:14.498419','4','네 번째 테스트입니다.',3,'',22,1),(93,'2018-12-19 06:05:02.523885','4','아두이노',3,'',21,1),(94,'2018-12-20 08:54:07.038971','9','Post object (9)',2,'[{\"changed\": {\"fields\": [\"message\", \"updated_at\", \"updated_by\"]}}]',23,1),(95,'2018-12-21 04:06:13.180647','2','두 번째 테스트 입니다.',3,'',22,1),(96,'2018-12-21 07:45:17.771927','13','Post object (13)',3,'',23,1),(97,'2018-12-21 07:45:17.774500','12','Post object (12)',3,'',23,1),(98,'2018-12-21 07:45:17.776718','11','Post object (11)',3,'',23,1),(99,'2018-12-21 07:45:17.779121','10','Post object (10)',3,'',23,1),(100,'2018-12-21 07:45:17.780848','9','Post object (9)',3,'',23,1),(101,'2018-12-21 07:45:17.783087','8','Post object (8)',3,'',23,1),(102,'2018-12-21 07:45:17.786655','7','Post object (7)',3,'',23,1),(103,'2018-12-21 07:45:17.791130','6','Post object (6)',3,'',23,1),(104,'2018-12-21 07:45:17.794286','5','Post object (5)',3,'',23,1),(105,'2018-12-21 07:45:17.796700','4','Post object (4)',3,'',23,1),(106,'2018-12-21 07:45:17.801948','3','Post object (3)',3,'',23,1),(107,'2018-12-21 07:45:17.804655','2','Post object (2)',3,'',23,1),(108,'2018-12-21 07:45:17.807408','1','Post object (1)',3,'',23,1),(109,'2018-12-21 08:27:37.021934','1','코딩 강의 게시판',1,'[{\"added\": {}}]',21,1),(110,'2018-12-21 08:27:44.251987','2','미메이커 코딩보드 게시판',1,'[{\"added\": {}}]',21,1),(111,'2018-12-21 08:27:51.706938','3','3D모델링 및 출력 게시판',1,'[{\"added\": {}}]',21,1),(112,'2018-12-21 08:28:12.516183','1','테스트 입니다.',1,'[{\"added\": {}}]',22,1),(113,'2018-12-21 14:29:43.010975','7','Post object (7)',3,'',23,1),(114,'2018-12-23 12:10:19.324712','116','Post object (116)',3,'',23,1),(115,'2018-12-23 12:10:19.329149','115','Post object (115)',3,'',23,1),(116,'2018-12-23 12:10:19.332216','114','Post object (114)',3,'',23,1),(117,'2018-12-23 12:10:19.335698','113','Post object (113)',3,'',23,1),(118,'2018-12-23 12:10:19.339227','112','Post object (112)',3,'',23,1),(119,'2018-12-23 12:10:19.342171','111','Post object (111)',3,'',23,1),(120,'2018-12-23 12:10:19.357266','110','Post object (110)',3,'',23,1),(121,'2018-12-23 12:10:19.360507','109','Post object (109)',3,'',23,1),(122,'2018-12-23 12:10:19.363018','108','Post object (108)',3,'',23,1),(123,'2018-12-23 12:10:19.364374','107','Post object (107)',3,'',23,1),(124,'2018-12-23 12:10:19.366143','106','Post object (106)',3,'',23,1),(125,'2018-12-23 12:10:19.367456','105','Post object (105)',3,'',23,1),(126,'2018-12-23 12:10:19.370238','104','Post object (104)',3,'',23,1),(127,'2018-12-23 12:10:19.371563','103','Post object (103)',3,'',23,1),(128,'2018-12-23 12:10:19.373705','102','Post object (102)',3,'',23,1),(129,'2018-12-23 12:10:19.376420','101','Post object (101)',3,'',23,1),(130,'2018-12-23 12:10:19.379768','100','Post object (100)',3,'',23,1),(131,'2018-12-23 12:10:19.383376','99','Post object (99)',3,'',23,1),(132,'2018-12-23 12:10:19.385893','98','Post object (98)',3,'',23,1),(133,'2018-12-23 12:10:19.389471','97','Post object (97)',3,'',23,1),(134,'2018-12-23 12:10:19.393076','96','Post object (96)',3,'',23,1),(135,'2018-12-23 12:10:19.395334','95','Post object (95)',3,'',23,1),(136,'2018-12-23 12:10:19.397525','94','Post object (94)',3,'',23,1),(137,'2018-12-23 12:10:19.402667','93','Post object (93)',3,'',23,1),(138,'2018-12-23 12:10:19.405869','92','Post object (92)',3,'',23,1),(139,'2018-12-23 12:10:19.408001','91','Post object (91)',3,'',23,1),(140,'2018-12-23 12:10:19.411724','90','Post object (90)',3,'',23,1),(141,'2018-12-23 12:10:19.414185','89','Post object (89)',3,'',23,1),(142,'2018-12-23 12:10:19.415826','88','Post object (88)',3,'',23,1),(143,'2018-12-23 12:10:19.418051','87','Post object (87)',3,'',23,1),(144,'2018-12-23 12:10:19.421104','86','Post object (86)',3,'',23,1),(145,'2018-12-23 12:10:19.422579','85','Post object (85)',3,'',23,1),(146,'2018-12-23 12:10:19.424137','84','Post object (84)',3,'',23,1),(147,'2018-12-23 12:10:19.429824','83','Post object (83)',3,'',23,1),(148,'2018-12-23 12:10:19.431462','82','Post object (82)',3,'',23,1),(149,'2018-12-23 12:10:19.433244','81','Post object (81)',3,'',23,1),(150,'2018-12-23 12:10:19.435179','80','Post object (80)',3,'',23,1),(151,'2018-12-23 12:10:19.437054','79','Post object (79)',3,'',23,1),(152,'2018-12-23 12:10:19.438471','78','Post object (78)',3,'',23,1),(153,'2018-12-23 12:10:19.439901','77','Post object (77)',3,'',23,1),(154,'2018-12-23 12:10:19.443247','76','Post object (76)',3,'',23,1),(155,'2018-12-23 12:10:19.445804','75','Post object (75)',3,'',23,1),(156,'2018-12-23 12:10:19.448659','74','Post object (74)',3,'',23,1),(157,'2018-12-23 12:10:19.454931','73','Post object (73)',3,'',23,1),(158,'2018-12-23 12:10:19.456765','72','Post object (72)',3,'',23,1),(159,'2018-12-23 12:10:19.458338','71','Post object (71)',3,'',23,1),(160,'2018-12-23 12:10:19.459880','70','Post object (70)',3,'',23,1),(161,'2018-12-23 12:10:19.461710','69','Post object (69)',3,'',23,1),(162,'2018-12-23 12:10:19.463217','68','Post object (68)',3,'',23,1),(163,'2018-12-23 12:10:19.469198','67','Post object (67)',3,'',23,1),(164,'2018-12-23 12:10:19.471744','66','Post object (66)',3,'',23,1),(165,'2018-12-23 12:10:19.474450','65','Post object (65)',3,'',23,1),(166,'2018-12-23 12:10:19.486705','64','Post object (64)',3,'',23,1),(167,'2018-12-23 12:10:19.488587','63','Post object (63)',3,'',23,1),(168,'2018-12-23 12:10:19.490159','62','Post object (62)',3,'',23,1),(169,'2018-12-23 12:10:19.491648','61','Post object (61)',3,'',23,1),(170,'2018-12-23 12:10:19.497202','60','Post object (60)',3,'',23,1),(171,'2018-12-23 12:10:19.498682','59','Post object (59)',3,'',23,1),(172,'2018-12-23 12:10:19.500066','58','Post object (58)',3,'',23,1),(173,'2018-12-23 12:10:19.502281','57','Post object (57)',3,'',23,1),(174,'2018-12-23 12:10:19.503785','56','Post object (56)',3,'',23,1),(175,'2018-12-23 12:10:19.505540','55','Post object (55)',3,'',23,1),(176,'2018-12-23 12:10:19.506983','54','Post object (54)',3,'',23,1),(177,'2018-12-23 12:10:19.510133','53','Post object (53)',3,'',23,1),(178,'2018-12-23 12:10:19.517009','52','Post object (52)',3,'',23,1),(179,'2018-12-23 12:10:19.518627','51','Post object (51)',3,'',23,1),(180,'2018-12-23 12:10:19.520740','50','Post object (50)',3,'',23,1),(181,'2018-12-23 12:10:19.522131','49','Post object (49)',3,'',23,1),(182,'2018-12-23 12:10:19.523720','48','Post object (48)',3,'',23,1),(183,'2018-12-23 12:10:19.526933','47','Post object (47)',3,'',23,1),(184,'2018-12-23 12:10:19.529377','46','Post object (46)',3,'',23,1),(185,'2018-12-23 12:10:19.531684','45','Post object (45)',3,'',23,1),(186,'2018-12-23 12:10:19.535823','44','Post object (44)',3,'',23,1),(187,'2018-12-23 12:10:19.537768','43','Post object (43)',3,'',23,1),(188,'2018-12-23 12:10:19.539196','42','Post object (42)',3,'',23,1),(189,'2018-12-23 12:10:19.540956','41','Post object (41)',3,'',23,1),(190,'2018-12-23 12:10:19.548153','40','Post object (40)',3,'',23,1),(191,'2018-12-23 12:10:19.551547','39','Post object (39)',3,'',23,1),(192,'2018-12-23 12:10:19.555460','38','Post object (38)',3,'',23,1),(193,'2018-12-23 12:10:19.557820','37','Post object (37)',3,'',23,1),(194,'2018-12-23 12:10:19.559336','36','Post object (36)',3,'',23,1),(195,'2018-12-23 12:10:19.561081','35','Post object (35)',3,'',23,1),(196,'2018-12-23 12:10:19.562712','34','Post object (34)',3,'',23,1),(197,'2018-12-23 12:10:19.565110','33','Post object (33)',3,'',23,1),(198,'2018-12-23 12:10:19.566677','32','Post object (32)',3,'',23,1),(199,'2018-12-23 12:10:19.568903','31','Post object (31)',3,'',23,1),(200,'2018-12-23 12:10:19.570369','30','Post object (30)',3,'',23,1),(201,'2018-12-23 12:10:19.571741','29','Post object (29)',3,'',23,1),(202,'2018-12-23 12:10:19.578562','28','Post object (28)',3,'',23,1),(203,'2018-12-23 12:10:19.580179','27','Post object (27)',3,'',23,1),(204,'2018-12-23 12:10:19.582044','26','Post object (26)',3,'',23,1),(205,'2018-12-23 12:10:19.583640','25','Post object (25)',3,'',23,1),(206,'2018-12-23 12:10:19.586582','24','Post object (24)',3,'',23,1),(207,'2018-12-23 12:10:19.588136','23','Post object (23)',3,'',23,1),(208,'2018-12-23 12:10:19.590379','22','Post object (22)',3,'',23,1),(209,'2018-12-23 12:10:19.594005','21','Post object (21)',3,'',23,1),(210,'2018-12-23 12:10:19.597447','20','Post object (20)',3,'',23,1),(211,'2018-12-23 12:10:19.598987','19','Post object (19)',3,'',23,1),(212,'2018-12-28 13:37:03.812264','20','testuser03',2,'[{\"changed\": {\"fields\": [\"is_active\"]}}]',4,1),(213,'2018-12-30 08:48:26.923092','3','[보드]미메이커 코딩보드 DIY',2,'[{\"changed\": {\"fields\": [\"link\"]}}]',15,1),(214,'2018-12-31 02:35:14.745976','39','testuser21',3,'',4,1),(215,'2018-12-31 02:35:28.547289','38','testuser20',3,'',4,1),(216,'2018-12-31 02:36:15.576272','38','testuser12',2,'[{\"changed\": {\"fields\": [\"email_confirmed\"]}}]',20,1),(217,'2018-12-31 02:38:05.465320','37','testuser12',2,'[{\"changed\": {\"fields\": [\"is_active\"]}}]',4,1),(218,'2018-12-31 02:52:56.192187','38','testuser12',3,'',20,1),(219,'2018-12-31 03:13:54.865707','37','testuser12',3,'',4,1),(220,'2018-12-31 03:14:02.987531','35','testuser10',3,'',4,1),(221,'2018-12-31 03:14:02.990261','36','testuser11',3,'',4,1),(222,'2018-12-31 03:14:15.348930','30','testuser05',3,'',4,1),(223,'2018-12-31 03:14:15.351084','31','testuser06',3,'',4,1),(224,'2018-12-31 03:14:15.352590','32','testuser07',3,'',4,1),(225,'2018-12-31 03:14:15.353894','33','testuser08',3,'',4,1),(226,'2018-12-31 03:14:15.358044','34','testuser09',3,'',4,1),(227,'2018-12-31 03:14:36.451381','18','testuser01',3,'',4,1),(228,'2018-12-31 03:14:36.453813','19','testuser02',3,'',4,1),(229,'2018-12-31 03:14:36.455931','20','testuser03',3,'',4,1),(230,'2018-12-31 03:14:36.457584','29','testuser04',3,'',4,1),(231,'2018-12-31 03:22:17.818716','112','이미지 테스트 글입니다.',3,'',22,1),(232,'2018-12-31 03:22:17.821840','103','Topic test #99',3,'',22,1),(233,'2018-12-31 03:22:17.824312','102','Topic test #98',3,'',22,1),(234,'2018-12-31 03:22:17.826078','101','Topic test #97',3,'',22,1),(235,'2018-12-31 03:22:17.828569','100','Topic test #96',3,'',22,1),(236,'2018-12-31 03:22:17.832814','99','Topic test #95',3,'',22,1),(237,'2018-12-31 03:22:17.835675','98','Topic test #94',3,'',22,1),(238,'2018-12-31 03:22:17.837582','97','Topic test #93',3,'',22,1),(239,'2018-12-31 03:22:17.840485','96','Topic test #92',3,'',22,1),(240,'2018-12-31 03:22:17.842736','95','Topic test #91',3,'',22,1),(241,'2018-12-31 03:22:17.844681','94','Topic test #90',3,'',22,1),(242,'2018-12-31 03:22:17.850670','93','Topic test #89',3,'',22,1),(243,'2018-12-31 03:22:17.853867','92','Topic test #88',3,'',22,1),(244,'2018-12-31 03:22:17.855785','91','Topic test #87',3,'',22,1),(245,'2018-12-31 03:22:17.858225','90','Topic test #86',3,'',22,1),(246,'2018-12-31 03:22:17.861722','89','Topic test #85',3,'',22,1),(247,'2018-12-31 03:22:17.863830','88','Topic test #84',3,'',22,1),(248,'2018-12-31 03:22:17.865504','87','Topic test #83',3,'',22,1),(249,'2018-12-31 03:22:17.870706','86','Topic test #82',3,'',22,1),(250,'2018-12-31 03:22:17.873032','85','Topic test #81',3,'',22,1),(251,'2018-12-31 03:22:17.875229','84','Topic test #80',3,'',22,1),(252,'2018-12-31 03:22:17.876716','83','Topic test #79',3,'',22,1),(253,'2018-12-31 03:22:17.881761','82','Topic test #78',3,'',22,1),(254,'2018-12-31 03:22:17.884904','81','Topic test #77',3,'',22,1),(255,'2018-12-31 03:22:17.887900','80','Topic test #76',3,'',22,1),(256,'2018-12-31 03:22:17.891100','79','Topic test #75',3,'',22,1),(257,'2018-12-31 03:22:17.894340','78','Topic test #74',3,'',22,1),(258,'2018-12-31 03:22:17.896633','77','Topic test #73',3,'',22,1),(259,'2018-12-31 03:22:17.899911','76','Topic test #72',3,'',22,1),(260,'2018-12-31 03:22:17.901865','75','Topic test #71',3,'',22,1),(261,'2018-12-31 03:22:17.903952','74','Topic test #70',3,'',22,1),(262,'2018-12-31 03:22:17.905642','73','Topic test #69',3,'',22,1),(263,'2018-12-31 03:22:17.907724','72','Topic test #68',3,'',22,1),(264,'2018-12-31 03:22:17.909365','71','Topic test #67',3,'',22,1),(265,'2018-12-31 03:22:17.911374','70','Topic test #66',3,'',22,1),(266,'2018-12-31 03:22:17.915555','69','Topic test #65',3,'',22,1),(267,'2018-12-31 03:22:17.918449','68','Topic test #64',3,'',22,1),(268,'2018-12-31 03:22:17.920405','67','Topic test #63',3,'',22,1),(269,'2018-12-31 03:22:17.923880','66','Topic test #62',3,'',22,1),(270,'2018-12-31 03:22:17.926109','65','Topic test #61',3,'',22,1),(271,'2018-12-31 03:22:17.929187','64','Topic test #60',3,'',22,1),(272,'2018-12-31 03:22:17.934601','63','Topic test #59',3,'',22,1),(273,'2018-12-31 03:22:17.936998','62','Topic test #58',3,'',22,1),(274,'2018-12-31 03:22:17.939057','61','Topic test #57',3,'',22,1),(275,'2018-12-31 03:22:17.940689','60','Topic test #56',3,'',22,1),(276,'2018-12-31 03:22:17.942724','59','Topic test #55',3,'',22,1),(277,'2018-12-31 03:22:17.944655','58','Topic test #54',3,'',22,1),(278,'2018-12-31 03:22:17.951372','57','Topic test #53',3,'',22,1),(279,'2018-12-31 03:22:17.953034','56','Topic test #52',3,'',22,1),(280,'2018-12-31 03:22:17.961261','55','Topic test #51',3,'',22,1),(281,'2018-12-31 03:22:17.964088','54','Topic test #50',3,'',22,1),(282,'2018-12-31 03:22:17.966589','53','Topic test #49',3,'',22,1),(283,'2018-12-31 03:22:17.968972','52','Topic test #48',3,'',22,1),(284,'2018-12-31 03:22:17.971179','51','Topic test #47',3,'',22,1),(285,'2018-12-31 03:22:17.974966','50','Topic test #46',3,'',22,1),(286,'2018-12-31 03:22:17.976813','49','Topic test #45',3,'',22,1),(287,'2018-12-31 03:22:17.979993','48','Topic test #44',3,'',22,1),(288,'2018-12-31 03:22:17.982290','47','Topic test #43',3,'',22,1),(289,'2018-12-31 03:22:17.984294','46','Topic test #42',3,'',22,1),(290,'2018-12-31 03:22:17.985864','45','Topic test #41',3,'',22,1),(291,'2018-12-31 03:22:17.987860','44','Topic test #40',3,'',22,1),(292,'2018-12-31 03:22:17.989472','43','Topic test #39',3,'',22,1),(293,'2018-12-31 03:22:17.991536','42','Topic test #38',3,'',22,1),(294,'2018-12-31 03:22:17.993307','41','Topic test #37',3,'',22,1),(295,'2018-12-31 03:22:17.995371','40','Topic test #36',3,'',22,1),(296,'2018-12-31 03:22:18.002032','39','Topic test #35',3,'',22,1),(297,'2018-12-31 03:22:18.004190','38','Topic test #34',3,'',22,1),(298,'2018-12-31 03:22:18.005813','37','Topic test #33',3,'',22,1),(299,'2018-12-31 03:22:18.007828','36','Topic test #32',3,'',22,1),(300,'2018-12-31 03:22:18.009402','35','Topic test #31',3,'',22,1),(301,'2018-12-31 03:22:18.011414','34','Topic test #30',3,'',22,1),(302,'2018-12-31 03:22:18.014381','33','Topic test #29',3,'',22,1),(303,'2018-12-31 03:22:18.017939','32','Topic test #28',3,'',22,1),(304,'2018-12-31 03:22:18.024365','31','Topic test #27',3,'',22,1),(305,'2018-12-31 03:22:18.026556','30','Topic test #26',3,'',22,1),(306,'2018-12-31 03:22:18.028519','29','Topic test #25',3,'',22,1),(307,'2018-12-31 03:22:18.030776','28','Topic test #24',3,'',22,1),(308,'2018-12-31 03:22:18.032473','27','Topic test #23',3,'',22,1),(309,'2018-12-31 03:22:18.034515','26','Topic test #22',3,'',22,1),(310,'2018-12-31 03:22:18.036579','25','Topic test #21',3,'',22,1),(311,'2018-12-31 03:22:18.041649','24','Topic test #20',3,'',22,1),(312,'2018-12-31 03:22:18.044644','23','Topic test #19',3,'',22,1),(313,'2018-12-31 03:22:18.047172','22','Topic test #18',3,'',22,1),(314,'2018-12-31 03:22:18.051761','21','Topic test #17',3,'',22,1),(315,'2018-12-31 03:22:18.053400','20','Topic test #16',3,'',22,1),(316,'2018-12-31 03:22:18.055421','19','Topic test #15',3,'',22,1),(317,'2018-12-31 03:22:18.057031','18','Topic test #14',3,'',22,1),(318,'2018-12-31 03:22:18.059224','17','Topic test #13',3,'',22,1),(319,'2018-12-31 03:22:18.060830','16','Topic test #12',3,'',22,1),(320,'2018-12-31 03:22:18.065957','15','Topic test #11',3,'',22,1),(321,'2018-12-31 03:22:18.068954','14','Topic test #10',3,'',22,1),(322,'2018-12-31 03:22:18.070695','13','Topic test #9',3,'',22,1),(323,'2018-12-31 03:22:18.072034','12','Topic test #8',3,'',22,1),(324,'2018-12-31 03:22:18.073375','11','Topic test #7',3,'',22,1),(325,'2018-12-31 03:22:18.075092','10','Topic test #6',3,'',22,1),(326,'2018-12-31 03:22:18.076447','9','Topic test #5',3,'',22,1),(327,'2018-12-31 03:22:18.079242','8','Topic test #4',3,'',22,1),(328,'2018-12-31 03:22:18.085316','7','Topic test #3',3,'',22,1),(329,'2018-12-31 03:22:18.087590','6','Topic test #2',3,'',22,1),(330,'2018-12-31 03:22:18.088966','5','Topic test #1',3,'',22,1),(331,'2018-12-31 03:22:34.043983','4','Topic test #0',3,'',22,1),(332,'2018-12-31 03:22:34.049372','3','두 번째 테스트 글',3,'',22,1),(333,'2018-12-31 03:22:34.052800','1','테스트 입니다.  수정했습니다.',3,'',22,1),(334,'2018-12-31 03:23:26.971720','1','memaker',2,'[{\"changed\": {\"fields\": [\"username\"]}}]',4,1),(335,'2018-12-31 04:41:39.396043','40','testuser01',3,'',4,1),(336,'2018-12-31 08:16:26.453745','41','testuser01',3,'',4,1),(337,'2019-01-02 15:12:05.351437','42','testuser01',3,'',4,1),(338,'2019-01-02 15:12:05.355055','43','testuser02',3,'',4,1),(339,'2019-01-08 08:19:29.940490','4','거리측정기 만들기 키트',2,'[{\"changed\": {\"name\": \"product\", \"object\": \"\\uac70\\ub9ac\\uce21\\uc815\\uae30 \\ub9cc\\ub4e4\\uae30 \\ud0a4\\ud2b8-product(4)\", \"fields\": [\"introduce\"]}}]',24,1),(340,'2019-01-11 08:22:07.324483','4','거리측정기 만들기 키트',2,'[]',24,1),(341,'2019-01-11 08:31:52.299849','3','미메이커 코딩보드',2,'[{\"changed\": {\"name\": \"product\", \"object\": \"\\ubbf8\\uba54\\uc774\\ucee4 \\ucf54\\ub529\\ubcf4\\ub4dc-product(3)\", \"fields\": [\"introduce\"]}}]',24,1),(342,'2019-01-11 08:32:22.670793','2','엔트리를 활용한 SW코딩의 이해',2,'[{\"changed\": {\"name\": \"product\", \"object\": \"\\uc5d4\\ud2b8\\ub9ac\\ub97c \\ud65c\\uc6a9\\ud55c SW\\ucf54\\ub529\\uc758 \\uc774\\ud574-product(2)\", \"fields\": [\"introduce\"]}}]',24,1),(343,'2019-01-11 08:34:32.765799','1','엔트리 이론',2,'[{\"changed\": {\"name\": \"lecture\", \"object\": \"\\uc5d4\\ud2b8\\ub9ac \\uc774\\ub860-lecture(1)\", \"fields\": [\"introduce\"]}}, {\"changed\": {\"name\": \"video\", \"object\": \"\\uc81c 1\\uac15 \\uc5d4\\ud2b8\\ub9ac \\uc774\\ub860(\\ucf54\\ub529\\uc774\\ub780?)\", \"fields\": [\"introduce\"]}}, {\"changed\": {\"name\": \"video\", \"object\": \"\\uc81c 2\\uac15 \\uc5d4\\ud2b8\\ub9ac \\uc774\\ub860(\\ud68c\\uc6d0\\uac00\\uc785)\", \"fields\": [\"introduce\"]}}, {\"changed\": {\"name\": \"video\", \"object\": \"\\uc81c 3\\uac15 \\uc5d4\\ud2b8\\ub9ac \\uc774\\ub860(\\uc791\\ud488\\ub9cc\\ub4e4\\uae30 \\ud654\\uba74)\", \"fields\": [\"introduce\"]}}, {\"changed\": {\"name\": \"video\", \"object\": \"\\uc81c 4\\uac15 \\uc5d4\\ud2b8\\ub9ac \\uc774\\ub860(\\uc624\\ube0c\\uc81d\\ud2b8 \\uc0b4\\ud3b4\\ubcf4\\uae30)\", \"fields\": [\"introduce\"]}}, {\"changed\": {\"name\": \"video\", \"object\": \"\\uc81c 5\\uac15 \\uc5d4\\ud2b8\\ub9ac \\uc774\\ub860(\\uc624\\ube0c\\uc81d\\ud2b8 \\ucd94\\uac00 \\ubc0f \\uc0ad\\uc81c)\", \"fields\": [\"introduce\"]}}, {\"changed\": {\"name\": \"video\", \"object\": \"\\uc81c 7\\uac15 \\uc5d4\\ud2b8\\ub9ac \\uc774\\ub860(\\uc5d4\\ud2b8\\ub9ac \\uc0c1\\ub2e8\\uba54\\ub274)\", \"fields\": [\"introduce\"]}}, {\"changed\": {\"name\": \"video\", \"object\": \"\\uc81c 8\\uac15 \\uc5d4\\ud2b8\\ub9ac \\uc774\\ub860(\\uc624\\ube0c\\uc81d\\ud2b8 \\uc6c0\\uc9c1\\uc774\\uae30 \\uc608\\uc81c)\", \"fields\": [\"introduce\"]}}, {\"changed\": {\"name\": \"video\", \"object\": \"\\uc81c 9\\uac15 \\uc5d4\\ud2b8\\ub9ac \\uc774\\ub860(\\uc791\\ud488\\uc800\\uc7a5)\", \"fields\": [\"introduce\"]}}]',24,1),(344,'2019-01-11 08:40:35.268162','6','조이스틱만들기 키트 조립설명서',1,'[{\"added\": {}}]',25,1),(345,'2019-01-11 08:41:55.762094','7','조이스틱 만들고 코딩하기 1차',1,'[{\"added\": {}}]',25,1),(346,'2019-01-11 08:42:19.605670','8','조이스틱 만들고 코딩하기 2차',1,'[{\"added\": {}}]',25,1),(347,'2019-01-11 08:42:24.421556','5','조이스틱 만들기 키트',1,'[{\"added\": {}}]',24,1),(348,'2019-01-11 09:01:21.203919','5','조이스틱 만들기 키트',2,'[{\"added\": {\"name\": \"product\", \"object\": \"\\uc870\\uc774\\uc2a4\\ud2f1 \\ub9cc\\ub4e4\\uae30 \\ud0a4\\ud2b8-product(5)\"}}]',24,1),(349,'2019-01-11 09:06:10.506933','5','조이스틱 만들기 키트',2,'[{\"changed\": {\"name\": \"product\", \"object\": \"\\uc870\\uc774\\uc2a4\\ud2f1 \\ub9cc\\ub4e4\\uae30 \\ud0a4\\ud2b8-product(5)\", \"fields\": [\"introduce\"]}}]',24,1),(350,'2019-01-11 11:46:30.736783','9','미메이커를 활용한 스크래치 코딩하기(mBlock) 설명서',1,'[{\"added\": {}}]',25,1),(351,'2019-01-11 11:47:32.945541','10','스마트스탠드 스크래치 코드 및 핀안내',1,'[{\"added\": {}}]',25,1),(352,'2019-01-11 11:47:39.803390','6','스마트 스탠드 만들기 키트',1,'[{\"added\": {}}]',24,1),(353,'2019-01-11 11:57:46.980275','11','스마트 스탠드 키트 조립설명서',1,'[{\"added\": {}}]',25,1),(354,'2019-01-11 11:58:03.811956','6','스마트 스탠드 만들기 키트',2,'[{\"changed\": {\"fields\": [\"file\"]}}]',24,1),(355,'2019-01-11 12:02:33.755811','6','스마트 스탠드 만들기 키트',2,'[{\"added\": {\"name\": \"product\", \"object\": \"\\uc2a4\\ub9c8\\ud2b8 \\uc2a4\\ud0e0\\ub4dc \\ub9cc\\ub4e4\\uae30 \\ud0a4\\ud2b8-product(6)\"}}]',24,1),(356,'2019-01-11 12:08:04.475974','6','스마트 스탠드 만들기 키트',2,'[{\"changed\": {\"name\": \"product\", \"object\": \"\\uc2a4\\ub9c8\\ud2b8 \\uc2a4\\ud0e0\\ub4dc \\ub9cc\\ub4e4\\uae30 \\ud0a4\\ud2b8-product(6)\", \"fields\": [\"introduce\"]}}]',24,1),(357,'2019-01-11 12:09:55.658434','12','스마트 스탠드 코딩하기(엔트리) 교안',1,'[{\"added\": {}}]',25,1),(358,'2019-01-11 12:10:01.264081','6','스마트 스탠드 만들기 키트',2,'[{\"changed\": {\"fields\": [\"file\"]}}]',24,1),(359,'2019-01-11 12:17:09.961094','7','악어 복불복 게임 만들기 키트',1,'[{\"added\": {}}]',24,1),(360,'2019-01-11 12:18:26.574740','13','악어 복불복 스크래치 작동코드(mBlock)',1,'[{\"added\": {}}]',25,1),(361,'2019-01-11 12:20:01.191644','7','악어 복불복 게임 만들기 키트',2,'[{\"changed\": {\"fields\": [\"sample\", \"file\"]}}]',24,1),(362,'2019-01-11 12:26:45.397480','7','악어 복불복 게임 만들기 키트',2,'[{\"added\": {\"name\": \"product\", \"object\": \"\\uc545\\uc5b4 \\ubcf5\\ubd88\\ubcf5 \\uac8c\\uc784 \\ub9cc\\ub4e4\\uae30 \\ud0a4\\ud2b8-product(7)\"}}]',24,1),(363,'2019-01-11 12:28:21.579092','7','악어 복불복 게임 만들기 키트',2,'[{\"changed\": {\"name\": \"product\", \"object\": \"\\uc545\\uc5b4 \\ubcf5\\ubd88\\ubcf5 \\uac8c\\uc784 \\ub9cc\\ub4e4\\uae30 \\ud0a4\\ud2b8-product(7)\", \"fields\": [\"introduce\"]}}]',24,1),(364,'2019-01-11 12:28:24.936953','7','악어 복불복 게임 만들기 키트',2,'[]',24,1),(365,'2019-01-11 12:35:06.078392','7','악어 복불복 게임 만들기 키트',2,'[{\"changed\": {\"name\": \"product\", \"object\": \"\\uc545\\uc5b4 \\ubcf5\\ubd88\\ubcf5 \\uac8c\\uc784 \\ub9cc\\ub4e4\\uae30 \\ud0a4\\ud2b8-product(7)\", \"fields\": [\"introduce\"]}}]',24,1),(366,'2019-01-11 12:41:09.841173','14','스마트 주차장 조립 메뉴얼',1,'[{\"added\": {}}]',25,1),(367,'2019-01-11 12:41:50.563438','15','스마트 주차장 스크래치 코드 및 핀설명(mBlock)',1,'[{\"added\": {}}]',25,1),(368,'2019-01-11 12:41:55.513827','8','스마트 주차장 조립 키트',1,'[{\"added\": {}}]',24,1),(369,'2019-01-11 13:42:38.449525','1','엔트리 이론',2,'[]',24,1),(370,'2019-01-11 13:42:56.619764','7','악어 복불복 게임 만들기 키트',2,'[]',24,1),(371,'2019-01-11 13:43:07.479055','6','스마트 스탠드 만들기 키트',2,'[]',24,1),(372,'2019-01-11 13:45:00.404206','6','스마트 스탠드 만들기 키트',2,'[{\"changed\": {\"name\": \"product\", \"object\": \"\\uc2a4\\ub9c8\\ud2b8 \\uc2a4\\ud0e0\\ub4dc \\ub9cc\\ub4e4\\uae30 \\ud0a4\\ud2b8-product(6)\", \"fields\": [\"introduce\"]}}]',24,1),(373,'2019-01-11 13:46:26.114176','7','악어 복불복 게임 만들기 키트',2,'[{\"changed\": {\"name\": \"product\", \"object\": \"\\uc545\\uc5b4 \\ubcf5\\ubd88\\ubcf5 \\uac8c\\uc784 \\ub9cc\\ub4e4\\uae30 \\ud0a4\\ud2b8-product(7)\", \"fields\": [\"introduce\"]}}]',24,1),(374,'2019-01-11 13:46:41.325602','6','스마트 스탠드 만들기 키트',2,'[]',24,1),(375,'2019-01-11 13:50:12.777298','5','조이스틱 만들기 키트',2,'[]',24,1),(376,'2019-01-11 13:53:53.158833','3','미메이커 코딩보드',2,'[{\"changed\": {\"name\": \"product\", \"object\": \"\\ubbf8\\uba54\\uc774\\ucee4 \\ucf54\\ub529\\ubcf4\\ub4dc-product(3)\", \"fields\": [\"introduce\"]}}]',24,1),(377,'2019-01-11 15:41:04.835486','5','조이스틱 만들기 키트',2,'[{\"changed\": {\"name\": \"product\", \"object\": \"\\uc870\\uc774\\uc2a4\\ud2f1 \\ub9cc\\ub4e4\\uae30 \\ud0a4\\ud2b8-product(5)\", \"fields\": [\"introduce\"]}}]',24,1),(378,'2019-01-12 09:31:31.103060','8','스마트 주차장 조립 키트',2,'[{\"added\": {\"name\": \"product\", \"object\": \"\\uc2a4\\ub9c8\\ud2b8 \\uc8fc\\ucc28\\uc7a5 \\uc870\\ub9bd \\ud0a4\\ud2b8-product(8)\"}}]',24,1),(379,'2019-01-12 09:36:03.545210','8','스마트 주차장 조립 키트',2,'[{\"changed\": {\"name\": \"product\", \"object\": \"\\uc2a4\\ub9c8\\ud2b8 \\uc8fc\\ucc28\\uc7a5 \\uc870\\ub9bd \\ud0a4\\ud2b8-product(8)\", \"fields\": [\"introduce\"]}}]',24,1),(380,'2019-01-12 09:44:15.122600','8','스마트 주차장 조립 키트',2,'[{\"changed\": {\"name\": \"product\", \"object\": \"\\uc2a4\\ub9c8\\ud2b8 \\uc8fc\\ucc28\\uc7a5 \\uc870\\ub9bd \\ud0a4\\ud2b8-product(8)\", \"fields\": [\"introduce\"]}}]',24,1),(381,'2019-01-12 09:44:23.924272','8','스마트 주차장 조립 키트',2,'[{\"changed\": {\"fields\": [\"isShow\"]}}]',24,1),(382,'2019-01-12 09:45:49.305274','8','스마트 주차장 조립 키트',2,'[{\"changed\": {\"name\": \"product\", \"object\": \"\\uc2a4\\ub9c8\\ud2b8 \\uc8fc\\ucc28\\uc7a5 \\uc870\\ub9bd \\ud0a4\\ud2b8-product(8)\", \"fields\": [\"introduce\"]}}]',24,1),(383,'2019-01-12 09:58:55.913314','16','주차장 차단기 키트 조립 메뉴얼',1,'[{\"added\": {}}]',25,1),(384,'2019-01-12 09:59:00.866582','9','주차장 차단기 만들기 키트',1,'[{\"added\": {}}]',24,1),(385,'2019-01-12 10:16:49.908628','9','주차장 차단기 만들기 키트',2,'[{\"added\": {\"name\": \"product\", \"object\": \"\\uc8fc\\ucc28\\uc7a5 \\ucc28\\ub2e8\\uae30 \\ub9cc\\ub4e4\\uae30 \\ud0a4\\ud2b8-product(9)\"}}]',24,1),(386,'2019-01-12 10:16:58.781063','9','주차장 차단기 만들기 키트',2,'[{\"changed\": {\"fields\": [\"isShow\"]}}]',24,1),(387,'2019-01-12 10:34:38.891483','17','초시계 만들기 키트 조립 메뉴얼',1,'[{\"added\": {}}]',25,1),(388,'2019-01-12 10:34:50.484401','10','초시계 만들기 키트',1,'[{\"added\": {}}]',24,1),(389,'2019-01-12 10:39:21.355081','10','초시계 만들기 키트',2,'[{\"added\": {\"name\": \"product\", \"object\": \"\\ucd08\\uc2dc\\uacc4 \\ub9cc\\ub4e4\\uae30 \\ud0a4\\ud2b8-product(10)\"}}]',24,1),(390,'2019-01-12 10:45:18.951098','10','초시계 만들기 키트',2,'[{\"changed\": {\"name\": \"product\", \"object\": \"\\ucd08\\uc2dc\\uacc4 \\ub9cc\\ub4e4\\uae30 \\ud0a4\\ud2b8-product(10)\", \"fields\": [\"introduce\"]}}]',24,1),(391,'2019-01-12 10:45:40.636550','10','초시계 만들기 키트',2,'[{\"changed\": {\"fields\": [\"isShow\"]}}]',24,1),(392,'2019-01-12 10:52:04.407465','18','LED 꽃 무드등 만들기 키트 조립 메뉴얼',1,'[{\"added\": {}}]',25,1),(393,'2019-01-12 10:52:07.235320','11','꽃 무드등 만들기 키트',1,'[{\"added\": {}}]',24,1),(394,'2019-01-12 11:03:41.753752','11','꽃 무드등 만들기 키트',2,'[{\"added\": {\"name\": \"product\", \"object\": \"\\uaf43 \\ubb34\\ub4dc\\ub4f1 \\ub9cc\\ub4e4\\uae30 \\ud0a4\\ud2b8-product(11)\"}}]',24,1),(395,'2019-01-12 11:05:50.080832','11','꽃 무드등 만들기 키트',2,'[{\"changed\": {\"fields\": [\"isShow\"]}}, {\"changed\": {\"name\": \"product\", \"object\": \"\\uaf43 \\ubb34\\ub4dc\\ub4f1 \\ub9cc\\ub4e4\\uae30 \\ud0a4\\ud2b8-product(11)\", \"fields\": [\"introduce\"]}}]',24,1),(396,'2019-01-12 11:20:37.222813','55','엔트리와 미메이커 보드를 활용한 로봇코딩의 이해 대문',1,'[{\"added\": {}}]',26,1),(397,'2019-01-12 11:21:12.401009','56','엔트리와 미메이커 보드를 활용한 로봇코딩의 이해01',1,'[{\"added\": {}}]',26,1),(398,'2019-01-12 11:21:37.002249','57','엔트리와 미메이커 보드를 활용한 로봇코딩의 이해02 표지',1,'[{\"added\": {}}]',26,1),(399,'2019-01-12 11:22:00.419867','58','엔트리와 미메이커 보드를 활용한 로봇코딩의 이해03 이 책의 특징',1,'[{\"added\": {}}]',26,1),(400,'2019-01-12 11:22:22.002048','59','엔트리와 미메이커 보드를 활용한 로봇코딩의 이해 04 이 책의 특징2',1,'[{\"added\": {}}]',26,1),(401,'2019-01-12 11:22:49.761147','60','엔트리와 미메이커 보드를 활용한 로봇코딩의 이해 05 목차1',1,'[{\"added\": {}}]',26,1),(402,'2019-01-12 11:23:25.792645','61','엔트리와 미메이커 보드를 활용한 로봇코딩의 이해06 책의 내용',1,'[{\"added\": {}}]',26,1),(403,'2019-01-12 11:24:01.444714','62','엔트리와 미메이커 보드를 활용한 로봇코딩의 이해07 조립과정',1,'[{\"added\": {}}]',26,1),(404,'2019-01-12 11:24:15.393997','12','엔트리와 미메이커 보드를 활용한 로봇 코딩의 이해',1,'[{\"added\": {}}]',24,1),(405,'2019-01-12 11:39:12.772547','12','엔트리와 미메이커 보드를 활용한 로봇 코딩의 이해',2,'[{\"added\": {\"name\": \"product\", \"object\": \"\\uc5d4\\ud2b8\\ub9ac\\uc640 \\ubbf8\\uba54\\uc774\\ucee4 \\ubcf4\\ub4dc\\ub97c \\ud65c\\uc6a9\\ud55c \\ub85c\\ubd07 \\ucf54\\ub529\\uc758 \\uc774\\ud574-product(12)\"}}]',24,1),(406,'2019-01-12 11:39:21.784421','12','엔트리와 미메이커 보드를 활용한 로봇 코딩의 이해',2,'[{\"changed\": {\"fields\": [\"isShow\"]}}, {\"changed\": {\"name\": \"product\", \"object\": \"\\uc5d4\\ud2b8\\ub9ac\\uc640 \\ubbf8\\uba54\\uc774\\ucee4 \\ubcf4\\ub4dc\\ub97c \\ud65c\\uc6a9\\ud55c \\ub85c\\ubd07 \\ucf54\\ub529\\uc758 \\uc774\\ud574-product(12)\", \"fields\": [\"introduce\"]}}]',24,1),(407,'2019-01-12 11:41:02.041341','2','엔트리를 활용한 SW코딩의 이해',2,'[{\"changed\": {\"name\": \"product\", \"object\": \"\\uc5d4\\ud2b8\\ub9ac\\ub97c \\ud65c\\uc6a9\\ud55c SW\\ucf54\\ub529\\uc758 \\uc774\\ud574-product(2)\", \"fields\": [\"introduce\"]}}]',24,1),(408,'2019-01-12 11:43:26.332919','12','미메이커 보드를 활용한 로봇 코딩의 이해',2,'[{\"changed\": {\"fields\": [\"title\"]}}]',24,1),(409,'2019-01-12 11:43:55.210279','12','로봇 코딩의 이해',2,'[{\"changed\": {\"fields\": [\"title\"]}}]',24,1),(410,'2019-01-12 11:44:20.384058','2','SW코딩의 이해',2,'[{\"changed\": {\"fields\": [\"title\"]}}]',24,1),(411,'2019-01-14 01:15:40.063190','63','엔트리 기초 및 예제 대문',1,'[{\"added\": {}}]',26,1),(412,'2019-01-14 01:15:58.698233','64','엔트리 기초 및 예제 학습내용',1,'[{\"added\": {}}]',26,1),(413,'2019-01-14 01:29:24.660259','19','엔트리이론교재01권',1,'[{\"added\": {}}]',25,1),(414,'2019-01-14 01:29:46.909942','20','엔트리이론교재02권',1,'[{\"added\": {}}]',25,1),(415,'2019-01-14 01:40:17.949717','21','엔트리기초교재01권',1,'[{\"added\": {}}]',25,1),(416,'2019-01-14 01:40:37.308968','22','엔트리기초교재02권',1,'[{\"added\": {}}]',25,1),(417,'2019-01-14 01:41:03.232501','23','엔트리예제교재01권',1,'[{\"added\": {}}]',25,1),(418,'2019-01-14 01:41:22.174458','24','엔트리예제교재02권',1,'[{\"added\": {}}]',25,1),(419,'2019-01-14 01:41:27.026474','13','엔트리 기초 및 예제',1,'[{\"added\": {}}]',24,1),(420,'2019-01-14 02:06:46.164295','13','엔트리 기초 및 예제',2,'[{\"changed\": {\"fields\": [\"sample\"]}}, {\"added\": {\"name\": \"lecture\", \"object\": \"\\uc5d4\\ud2b8\\ub9ac \\uae30\\ucd08 \\ubc0f \\uc608\\uc81c-lecture(2)\"}}, {\"added\": {\"name\": \"video\", \"object\": \"[\\ubbf8\\uba54\\uc774\\ucee4]\\uc5d4\\ud2b8\\ub9ac \\uae30\\ucd08 \\ubc0f \\uc608\\uc81c(\\uc5d4\\ud2b8\\ub9ac \\uccab\\uac78\\uc74c)\"}}]',24,1),(421,'2019-01-14 06:38:54.239471','13','엔트리 기초 및 예제',2,'[{\"added\": {\"name\": \"video\", \"object\": \"[\\ubbf8\\uba54\\uc774\\ucee4]\\uc5d4\\ud2b8\\ub9ac \\uae30\\ucd08 \\ubc0f \\uc608\\uc81c(\\uc5d4\\ud2b8\\ub9ac \\uccab\\uac78\\uc74c - \\uae30\\ucd082)\"}}, {\"changed\": {\"name\": \"video\", \"object\": \"[\\ubbf8\\uba54\\uc774\\ucee4]\\uc5d4\\ud2b8\\ub9ac \\uae30\\ucd08 \\ubc0f \\uc608\\uc81c(\\uc5d4\\ud2b8\\ub9ac \\uccab\\uac78\\uc74c)\", \"fields\": [\"title\"]}}]',24,1),(422,'2019-01-14 06:47:32.018394','13','엔트리 기초 및 예제',2,'[{\"added\": {\"name\": \"video\", \"object\": \"[\\ubbf8\\uba54\\uc774\\ucee4]\\uc5d4\\ud2b8\\ub9ac \\uc608\\uc81c(\\ub9c8\\uc744\\ud0d0\\ud5d81\\ud0c4)\"}}, {\"changed\": {\"name\": \"video\", \"object\": \"[\\ubbf8\\uba54\\uc774\\ucee4]\\uc5d4\\ud2b8\\ub9ac \\uae30\\ucd08 \\ubc0f \\uc608\\uc81c(\\uc5d4\\ud2b8\\ub9ac \\uccab\\uac78\\uc74c - \\uae30\\ucd08 1)\", \"fields\": [\"title\"]}}, {\"changed\": {\"name\": \"video\", \"object\": \"[\\ubbf8\\uba54\\uc774\\ucee4]\\uc5d4\\ud2b8\\ub9ac \\uae30\\ucd08 \\ubc0f \\uc608\\uc81c(\\uc5d4\\ud2b8\\ub9ac \\uccab\\uac78\\uc74c - \\uae30\\ucd082)\", \"fields\": [\"title\"]}}]',24,1),(423,'2019-01-14 06:52:51.085887','13','엔트리 기초 및 예제',2,'[{\"added\": {\"name\": \"video\", \"object\": \"[\\ubbf8\\uba54\\uc774\\ucee4]\\uc5d4\\ud2b8\\ub9ac \\uc608\\uc81c(\\ub9c8\\uc744\\ud0d0\\ud5d82\\ud0c4)\"}}]',24,1),(424,'2019-01-14 06:56:35.329398','13','엔트리 기초 및 예제',2,'[{\"added\": {\"name\": \"video\", \"object\": \"[\\ubbf8\\uba54\\uc774\\ucee4]\\uc5d4\\ud2b8\\ub9ac \\uc608\\uc81c(\\uc6b0\\uc8fc\\uc5ec\\ud5891\\ud0c4)\"}}]',24,1),(425,'2019-01-14 06:58:49.093446','13','엔트리 기초 및 예제',2,'[{\"added\": {\"name\": \"video\", \"object\": \"[\\ubbf8\\uba54\\uc774\\ucee4]\\uc5d4\\ud2b8\\ub9ac \\uc608\\uc81c(\\uc6b0\\uc8fc\\uc5ec\\ud5892\\ud0c4)\"}}]',24,1),(426,'2019-01-14 06:59:53.724140','13','엔트리 기초 및 예제',2,'[{\"added\": {\"name\": \"video\", \"object\": \"no title\"}}]',24,1),(427,'2019-01-14 07:01:49.493009','13','엔트리 기초 및 예제',2,'[{\"added\": {\"name\": \"video\", \"object\": \"[\\ubbf8\\uba54\\uc774\\ucee4]\\uc5d4\\ud2b8\\ub9ac \\uc608\\uc81c(\\uc6b0\\uc8fc\\uc5ec\\ud5894\\ud0c4)\"}}, {\"changed\": {\"name\": \"video\", \"object\": \"no title\", \"fields\": [\"title\", \"introduce\"]}}]',24,1),(428,'2019-01-14 08:08:54.073837','25','미메이커 코딩보드 사용 설명서',1,'[{\"added\": {}}]',25,1),(429,'2019-01-14 08:08:57.127105','3','미메이커 코딩보드',2,'[{\"changed\": {\"fields\": [\"file\"]}}]',24,1),(430,'2019-01-14 08:11:49.495026','65','틴커캐드로 배우는 3D 모델링 기초 대문',1,'[{\"added\": {}}]',26,1),(431,'2019-01-14 08:12:08.703307','66','틴커캐드로 배우는 3D 모델링 기초01',1,'[{\"added\": {}}]',26,1),(432,'2019-01-14 08:12:35.581335','67','틴커캐드로 배우는 3D 모델링 기초02',1,'[{\"added\": {}}]',26,1),(433,'2019-01-14 08:12:51.650140','14','틴커캐드(Tinkercad)로 배우는 3D 모델링 기초',1,'[{\"added\": {}}]',24,1),(434,'2019-01-14 08:46:43.343555','14','틴커캐드(Tinkercad)로 배우는 3D 모델링 기초',2,'[{\"added\": {\"name\": \"lecture\", \"object\": \"\\ud2f4\\ucee4\\uce90\\ub4dc(Tinkercad)\\ub85c \\ubc30\\uc6b0\\ub294 3D \\ubaa8\\ub378\\ub9c1 \\uae30\\ucd08-lecture(3)\"}}]',24,1),(435,'2019-01-14 09:01:47.028463','14','틴커캐드(Tinkercad)로 배우는 3D 모델링 기초',2,'[{\"added\": {\"name\": \"video\", \"object\": \"01. CURA \\ub2e4\\uc6b4\\ub85c\\ub4dc \\ubc0f \\uae30\\ubcf8\\uc138\\ud305 M508 3D \\ud504\\ub9b0\\ud130\\uc6a9\"}}]',24,1),(436,'2019-01-14 09:02:19.613946','14','틴커캐드(Tinkercad)로 배우는 3D 모델링 기초',2,'[{\"added\": {\"name\": \"video\", \"object\": \"02. Tinkercad(\\ud2f4\\ucee4\\uce90\\ub4dc) \\uae30\\ucd08 \\ubc30\\uc6b0\\uae30\"}}]',24,1),(437,'2019-01-14 09:02:53.587797','14','틴커캐드(Tinkercad)로 배우는 3D 모델링 기초',2,'[{\"added\": {\"name\": \"video\", \"object\": \"03. Tinkercad(\\ud2f4\\ucee4\\uce90\\ub4dc) \\uae30\\ucd08 \\ubc30\\uc6b0\\uae30 \\uc870\\ub9bd\\uad6c\\uc870\\ubb3c \\ub9cc\\ub4e4\\uae30\"}}]',24,1),(438,'2019-01-14 09:03:15.976385','14','틴커캐드(Tinkercad)로 배우는 3D 모델링 기초',2,'[{\"added\": {\"name\": \"video\", \"object\": \"04. Tinkercad(\\ud2f4\\ucee4\\uce90\\ub4dc) \\uae30\\ucd08 \\ubc30\\uc6b0\\uae30 \\uc758\\uc790 \\ub9cc\\ub4e4\\uae30\"}}]',24,1),(439,'2019-01-14 09:03:37.967525','14','틴커캐드(Tinkercad)로 배우는 3D 모델링 기초',2,'[{\"added\": {\"name\": \"video\", \"object\": \"05. Tinkercad(\\ud2f4\\ucee4\\uce90\\ub4dc) \\uae30\\ucd08 \\ubc30\\uc6b0\\uae30 \\uc758\\uc790 \\ub9cc\\ub4e4\\uae30 \\ud6c4\\ubc18\\ubd80 \\uc815\\ub82c\\ud65c\\uc6a9\"}}]',24,1),(440,'2019-01-14 09:04:21.270152','14','틴커캐드(Tinkercad)로 배우는 3D 모델링 기초',2,'[{\"added\": {\"name\": \"video\", \"object\": \"06. Tinkercad(\\ud2f4\\ucee4\\uce90\\ub4dc) \\uae30\\ucd08 \\ubc30\\uc6b0\\uae30 \\uc9d1\\ub9cc\\ub4e4\\uae30 \\uae30\\ucd08\"}}]',24,1),(441,'2019-01-14 09:04:47.994316','14','틴커캐드(Tinkercad)로 배우는 3D 모델링 기초',2,'[{\"added\": {\"name\": \"video\", \"object\": \"07. Tinkercad(\\ud2f4\\ucee4\\uce90\\ub4dc) \\uae30\\ucd08 \\ubc30\\uc6b0\\uae30 \\uc9d1\\ub9cc\\ub4e4\\uae30 \\uc2ec\\ud654\"}}]',24,1),(442,'2019-01-14 09:05:12.028495','14','틴커캐드(Tinkercad)로 배우는 3D 모델링 기초',2,'[{\"added\": {\"name\": \"video\", \"object\": \"08. Tinkercad(\\ud2f4\\ucee4\\uce90\\ub4dc) \\uae30\\ucd08 \\ubc30\\uc6b0\\uae30 \\ub098\\ub85c\\ud638 \\ub85c\\ucf13 \\ubaa8\\ub378\\ub9c1 \\ubc30\\uc6b0\\uae30\"}}]',24,1),(443,'2019-01-14 09:05:44.084529','14','틴커캐드(Tinkercad)로 배우는 3D 모델링 기초',2,'[{\"added\": {\"name\": \"video\", \"object\": \"09. Tinkercad(\\ud2f4\\ucee4\\uce90\\ub4dc) \\uae30\\ucd08 \\ubc30\\uc6b0\\uae30 \\ubbf8\\uba54\\uc774\\ucee4 \\ucf54\\ub529\\ubcf4\\ub4dc \\ubaa8\\ub4c8(\\ud130\\uce58\\uc13c\\uc11c) \\ucf00\\uc774\\uc2a4 \\ubaa8\\ub378\\ub9c101\"}}]',24,1),(444,'2019-01-14 09:10:06.074781','14','틴커캐드(Tinkercad)로 배우는 3D 모델링 기초',2,'[{\"added\": {\"name\": \"video\", \"object\": \"10. Tinkercad(\\ud2f4\\ucee4\\uce90\\ub4dc) \\uae30\\ucd08 \\ubc30\\uc6b0\\uae30 \\ubbf8\\uba54\\uc774\\ucee4 \\ucf54\\ub529\\ubcf4\\ub4dc \\ubaa8\\ub4c8(\\ud130\\uce58\\uc13c\\uc11c) \\ucf00\\uc774\\uc2a4 \\ubaa8\\ub378\\ub9c1 02\"}}, {\"changed\": {\"name\": \"video\", \"object\": \"02. Tinkercad(\\ud2f4\\ucee4\\uce90\\ub4dc) \\uae30\\ucd08 \\ubc30\\uc6b0\\uae30\", \"fields\": [\"introduce\"]}}, {\"changed\": {\"name\": \"video\", \"object\": \"03. Tinkercad(\\ud2f4\\ucee4\\uce90\\ub4dc) \\uae30\\ucd08 \\ubc30\\uc6b0\\uae30 \\uc870\\ub9bd\\uad6c\\uc870\\ubb3c \\ub9cc\\ub4e4\\uae30\", \"fields\": [\"introduce\"]}}, {\"changed\": {\"name\": \"video\", \"object\": \"04. Tinkercad(\\ud2f4\\ucee4\\uce90\\ub4dc) \\uae30\\ucd08 \\ubc30\\uc6b0\\uae30 \\uc758\\uc790 \\ub9cc\\ub4e4\\uae30\", \"fields\": [\"introduce\"]}}, {\"changed\": {\"name\": \"video\", \"object\": \"05. Tinkercad(\\ud2f4\\ucee4\\uce90\\ub4dc) \\uae30\\ucd08 \\ubc30\\uc6b0\\uae30 \\uc758\\uc790 \\ub9cc\\ub4e4\\uae30 \\ud6c4\\ubc18\\ubd80 \\uc815\\ub82c\\ud65c\\uc6a9\", \"fields\": [\"introduce\"]}}, {\"changed\": {\"name\": \"video\", \"object\": \"06. Tinkercad(\\ud2f4\\ucee4\\uce90\\ub4dc) \\uae30\\ucd08 \\ubc30\\uc6b0\\uae30 \\uc9d1\\ub9cc\\ub4e4\\uae30 \\uae30\\ucd08\", \"fields\": [\"introduce\"]}}, {\"changed\": {\"name\": \"video\", \"object\": \"07. Tinkercad(\\ud2f4\\ucee4\\uce90\\ub4dc) \\uae30\\ucd08 \\ubc30\\uc6b0\\uae30 \\uc9d1\\ub9cc\\ub4e4\\uae30 \\uc2ec\\ud654\", \"fields\": [\"introduce\"]}}, {\"changed\": {\"name\": \"video\", \"object\": \"08. Tinkercad(\\ud2f4\\ucee4\\uce90\\ub4dc) \\uae30\\ucd08 \\ubc30\\uc6b0\\uae30 \\ub098\\ub85c\\ud638 \\ub85c\\ucf13 \\ubaa8\\ub378\\ub9c1 \\ubc30\\uc6b0\\uae30\", \"fields\": [\"introduce\"]}}, {\"changed\": {\"name\": \"video\", \"object\": \"09. Tinkercad(\\ud2f4\\ucee4\\uce90\\ub4dc) \\uae30\\ucd08 \\ubc30\\uc6b0\\uae30 \\ubbf8\\uba54\\uc774\\ucee4 \\ucf54\\ub529\\ubcf4\\ub4dc \\ubaa8\\ub4c8(\\ud130\\uce58\\uc13c\\uc11c) \\ucf00\\uc774\\uc2a4 \\ubaa8\\ub378\\ub9c101\", \"fields\": [\"introduce\"]}}]',24,1),(445,'2019-01-14 09:11:12.593404','14','틴커캐드(Tinkercad)로 배우는 3D 모델링 기초',2,'[{\"changed\": {\"name\": \"lecture\", \"object\": \"\\ud2f4\\ucee4\\uce90\\ub4dc(Tinkercad)\\ub85c \\ubc30\\uc6b0\\ub294 3D \\ubaa8\\ub378\\ub9c1 \\uae30\\ucd08-lecture(3)\", \"fields\": [\"introduce\"]}}]',24,1),(446,'2019-01-14 10:11:13.154224','7','악어 복불복 게임 만들기 키트',2,'[{\"changed\": {\"name\": \"product\", \"object\": \"\\uc545\\uc5b4 \\ubcf5\\ubd88\\ubcf5 \\uac8c\\uc784 \\ub9cc\\ub4e4\\uae30 \\ud0a4\\ud2b8-product(7)\", \"fields\": [\"link\"]}}]',24,1),(447,'2019-01-14 10:47:34.040291','5','조이스틱 만들기 키트',2,'[{\"changed\": {\"name\": \"product\", \"object\": \"\\uc870\\uc774\\uc2a4\\ud2f1 \\ub9cc\\ub4e4\\uae30 \\ud0a4\\ud2b8-product(5)\", \"fields\": [\"link\"]}}]',24,1),(448,'2019-01-14 13:08:46.573953','11','꽃 무드등 만들기 키트',2,'[{\"changed\": {\"name\": \"product\", \"object\": \"\\uaf43 \\ubb34\\ub4dc\\ub4f1 \\ub9cc\\ub4e4\\uae30 \\ud0a4\\ud2b8-product(11)\", \"fields\": [\"introduce\", \"link\"]}}]',24,1),(449,'2019-01-14 13:10:15.855805','10','초시계 만들기 키트',2,'[{\"changed\": {\"name\": \"product\", \"object\": \"\\ucd08\\uc2dc\\uacc4 \\ub9cc\\ub4e4\\uae30 \\ud0a4\\ud2b8-product(10)\", \"fields\": [\"link\"]}}]',24,1),(450,'2019-01-14 13:10:26.782496','8','스마트 주차장 조립 키트',2,'[{\"changed\": {\"name\": \"product\", \"object\": \"\\uc2a4\\ub9c8\\ud2b8 \\uc8fc\\ucc28\\uc7a5 \\uc870\\ub9bd \\ud0a4\\ud2b8-product(8)\", \"fields\": [\"link\"]}}]',24,1),(451,'2019-01-14 13:10:57.103080','9','주차장 차단기 만들기 키트',2,'[{\"changed\": {\"name\": \"product\", \"object\": \"\\uc8fc\\ucc28\\uc7a5 \\ucc28\\ub2e8\\uae30 \\ub9cc\\ub4e4\\uae30 \\ud0a4\\ud2b8-product(9)\", \"fields\": [\"link\"]}}]',24,1),(452,'2019-01-14 13:11:03.862788','7','악어 복불복 게임 만들기 키트',2,'[]',24,1),(453,'2019-01-14 13:11:13.613527','6','스마트 스탠드 만들기 키트',2,'[{\"changed\": {\"name\": \"product\", \"object\": \"\\uc2a4\\ub9c8\\ud2b8 \\uc2a4\\ud0e0\\ub4dc \\ub9cc\\ub4e4\\uae30 \\ud0a4\\ud2b8-product(6)\", \"fields\": [\"link\"]}}]',24,1),(454,'2019-01-14 13:11:54.829315','4','거리측정기 만들기 키트',2,'[{\"changed\": {\"name\": \"product\", \"object\": \"\\uac70\\ub9ac\\uce21\\uc815\\uae30 \\ub9cc\\ub4e4\\uae30 \\ud0a4\\ud2b8-product(4)\", \"fields\": [\"link\"]}}]',24,1),(455,'2019-01-15 11:16:54.055233','68','초등학교 엔트리 코딩 대문이미지',1,'[{\"added\": {}}]',26,1),(456,'2019-01-15 11:17:21.540130','69','초등학교 엔트리 코딩 이미지01',1,'[{\"added\": {}}]',26,1),(457,'2019-01-15 11:17:33.045186','15','초등학교 엔트리 코딩(초등학교 실과)',1,'[{\"added\": {}}]',24,1),(458,'2019-01-15 11:38:43.505893','15','초등학교 엔트리 코딩(초등학교 실과)',2,'[{\"added\": {\"name\": \"lecture\", \"object\": \"\\ucd08\\ub4f1\\ud559\\uad50 \\uc5d4\\ud2b8\\ub9ac \\ucf54\\ub529(\\ucd08\\ub4f1\\ud559\\uad50 \\uc2e4\\uacfc)-lecture(4)\"}}]',24,1),(459,'2019-01-15 11:56:28.773503','15','초등학교 엔트리 코딩(초등학교 실과)',2,'[{\"changed\": {\"name\": \"lecture\", \"object\": \"\\ucd08\\ub4f1\\ud559\\uad50 \\uc5d4\\ud2b8\\ub9ac \\ucf54\\ub529(\\ucd08\\ub4f1\\ud559\\uad50 \\uc2e4\\uacfc)-lecture(4)\", \"fields\": [\"introduce\"]}}]',24,1),(460,'2019-01-15 12:00:23.820178','15','초등학교 엔트리 코딩(초등학교 실과)',2,'[{\"added\": {\"name\": \"video\", \"object\": \"\\uc815\\ubcf4 \\uc0ac\\ud68c\\uc758 \\uc774\\ud5741\"}}]',24,1),(461,'2019-01-15 12:02:16.571585','15','초등학교 엔트리 코딩(초등학교 실과)',2,'[{\"added\": {\"name\": \"video\", \"object\": \"\\uc815\\ubcf4 \\uc0ac\\ud68c\\uc758 \\uc774\\ud5742\"}}]',24,1),(462,'2019-01-15 12:07:15.861569','15','초등학교 엔트리 코딩(초등학교 실과)',2,'[{\"added\": {\"name\": \"video\", \"object\": \"\\uc790\\ub8cc\\uc640 \\uc815\\ubcf4\\uc758 \\ud45c\\ud604/\\ubd84\\uc11d\"}}]',24,1),(463,'2019-01-15 12:07:29.732986','15','초등학교 엔트리 코딩(초등학교 실과)',2,'[{\"added\": {\"name\": \"video\", \"object\": \"\\ucd94\\uc0c1\\ud654\\uc640 \\uc54c\\uace0\\ub9ac\\uc998\"}}]',24,1),(464,'2019-01-15 12:07:45.787220','15','초등학교 엔트리 코딩(초등학교 실과)',2,'[{\"added\": {\"name\": \"video\", \"object\": \"\\ud504\\ub85c\\uadf8\\ub798\\ubc0d - \\uae30\\ucd08\\ud3b8\"}}]',24,1),(465,'2019-01-15 12:08:03.110832','15','초등학교 엔트리 코딩(초등학교 실과)',2,'[{\"added\": {\"name\": \"video\", \"object\": \"\\ud504\\ub85c\\uadf8\\ub798\\ubc0d - \\uc608\\uc81c\\ud3b8\"}}]',24,1),(466,'2019-01-15 12:08:30.484475','15','초등학교 엔트리 코딩(초등학교 실과)',2,'[{\"added\": {\"name\": \"video\", \"object\": \"\\ud504\\ub85c\\uadf8\\ub798\\ubc0d - \\uc2e4\\uc804(1)\"}}]',24,1),(467,'2019-01-15 12:08:55.241721','15','초등학교 엔트리 코딩(초등학교 실과)',2,'[{\"added\": {\"name\": \"video\", \"object\": \"\\ud504\\ub85c\\uadf8\\ub798\\ubc0d - \\uc2e4\\uc804(2)\"}}]',24,1),(468,'2019-01-15 12:09:15.066137','15','초등학교 엔트리 코딩(초등학교 실과)',2,'[{\"added\": {\"name\": \"video\", \"object\": \"\\ud504\\ub85c\\uadf8\\ub798\\ubc0d - \\uc560\\ub2c8\\uba54\\uc774\\uc158(1)\"}}]',24,1),(469,'2019-01-15 12:09:22.272201','15','초등학교 엔트리 코딩(초등학교 실과)',2,'[{\"added\": {\"name\": \"video\", \"object\": \"\\ud504\\ub85c\\uadf8\\ub798\\ubc0d - \\uc560\\ub2c8\\uba54\\uc774\\uc158(2)\"}}]',24,1),(470,'2019-01-15 12:09:31.946680','15','초등학교 엔트리 코딩(초등학교 실과)',2,'[{\"added\": {\"name\": \"video\", \"object\": \"\\ud504\\ub85c\\uadf8\\ub798\\ubc0d - \\uc560\\ub2c8\\uba54\\uc774\\uc158(3)\"}}]',24,1),(471,'2019-01-15 12:10:07.011488','15','초등학교 엔트리 코딩(초등학교 실과)',2,'[{\"changed\": {\"name\": \"video\", \"object\": \"\\uc790\\ub8cc\\uc640 \\uc815\\ubcf4\\uc758 \\ud45c\\ud604/\\ubd84\\uc11d\", \"fields\": [\"introduce\"]}}, {\"changed\": {\"name\": \"video\", \"object\": \"\\ucd94\\uc0c1\\ud654\\uc640 \\uc54c\\uace0\\ub9ac\\uc998\", \"fields\": [\"introduce\"]}}, {\"changed\": {\"name\": \"video\", \"object\": \"\\ud504\\ub85c\\uadf8\\ub798\\ubc0d - \\uae30\\ucd08\\ud3b8\", \"fields\": [\"introduce\"]}}, {\"changed\": {\"name\": \"video\", \"object\": \"\\ud504\\ub85c\\uadf8\\ub798\\ubc0d - \\uc608\\uc81c\\ud3b8\", \"fields\": [\"introduce\"]}}, {\"changed\": {\"name\": \"video\", \"object\": \"\\ud504\\ub85c\\uadf8\\ub798\\ubc0d - \\uc2e4\\uc804(1)\", \"fields\": [\"introduce\"]}}, {\"changed\": {\"name\": \"video\", \"object\": \"\\ud504\\ub85c\\uadf8\\ub798\\ubc0d - \\uc2e4\\uc804(2)\", \"fields\": [\"introduce\"]}}, {\"changed\": {\"name\": \"video\", \"object\": \"\\ud504\\ub85c\\uadf8\\ub798\\ubc0d - \\uc560\\ub2c8\\uba54\\uc774\\uc158(1)\", \"fields\": [\"introduce\"]}}, {\"changed\": {\"name\": \"video\", \"object\": \"\\ud504\\ub85c\\uadf8\\ub798\\ubc0d - \\uc560\\ub2c8\\uba54\\uc774\\uc158(2)\", \"fields\": [\"introduce\"]}}, {\"changed\": {\"name\": \"video\", \"object\": \"\\ud504\\ub85c\\uadf8\\ub798\\ubc0d - \\uc560\\ub2c8\\uba54\\uc774\\uc158(3)\", \"fields\": [\"introduce\"]}}]',24,1),(472,'2019-01-15 12:14:35.140609','15','초등학교 엔트리 코딩(초등학교 실과)',2,'[{\"changed\": {\"name\": \"video\", \"object\": \"\\uc790\\ub8cc\\uc640 \\uc815\\ubcf4\\uc758 \\ud45c\\ud604/\\ubd84\\uc11d\", \"fields\": [\"introduce\"]}}, {\"changed\": {\"name\": \"video\", \"object\": \"\\ucd94\\uc0c1\\ud654\\uc640 \\uc54c\\uace0\\ub9ac\\uc998\", \"fields\": [\"introduce\"]}}, {\"changed\": {\"name\": \"video\", \"object\": \"\\ud504\\ub85c\\uadf8\\ub798\\ubc0d - \\uae30\\ucd08\\ud3b8\", \"fields\": [\"introduce\"]}}, {\"changed\": {\"name\": \"video\", \"object\": \"\\ud504\\ub85c\\uadf8\\ub798\\ubc0d - \\uc608\\uc81c\\ud3b8\", \"fields\": [\"introduce\"]}}, {\"changed\": {\"name\": \"video\", \"object\": \"\\ud504\\ub85c\\uadf8\\ub798\\ubc0d - \\uc2e4\\uc804(1)\", \"fields\": [\"introduce\"]}}, {\"changed\": {\"name\": \"video\", \"object\": \"\\ud504\\ub85c\\uadf8\\ub798\\ubc0d - \\uc2e4\\uc804(2)\", \"fields\": [\"introduce\"]}}, {\"changed\": {\"name\": \"video\", \"object\": \"\\ud504\\ub85c\\uadf8\\ub798\\ubc0d - \\uc560\\ub2c8\\uba54\\uc774\\uc158(1)\", \"fields\": [\"introduce\"]}}, {\"changed\": {\"name\": \"video\", \"object\": \"\\ud504\\ub85c\\uadf8\\ub798\\ubc0d - \\uc560\\ub2c8\\uba54\\uc774\\uc158(2)\", \"fields\": [\"introduce\"]}}, {\"changed\": {\"name\": \"video\", \"object\": \"\\ud504\\ub85c\\uadf8\\ub798\\ubc0d - \\uc560\\ub2c8\\uba54\\uc774\\uc158(3)\", \"fields\": [\"introduce\"]}}]',24,1),(473,'2019-01-15 12:15:18.928595','15','초등학교 엔트리 코딩(초등학교 실과)',2,'[]',24,1),(474,'2019-01-15 12:37:29.551818','15','초등학교 엔트리 코딩(초등학교 실과)',2,'[{\"changed\": {\"name\": \"video\", \"object\": \"\\uc815\\ubcf4 \\uc0ac\\ud68c\\uc758 \\uc774\\ud5741\", \"fields\": [\"video_link\"]}}, {\"changed\": {\"name\": \"video\", \"object\": \"\\uc815\\ubcf4 \\uc0ac\\ud68c\\uc758 \\uc774\\ud5742\", \"fields\": [\"video_link\"]}}, {\"changed\": {\"name\": \"video\", \"object\": \"\\uc790\\ub8cc\\uc640 \\uc815\\ubcf4\\uc758 \\ud45c\\ud604/\\ubd84\\uc11d\", \"fields\": [\"video_link\"]}}, {\"changed\": {\"name\": \"video\", \"object\": \"\\ucd94\\uc0c1\\ud654\\uc640 \\uc54c\\uace0\\ub9ac\\uc998\", \"fields\": [\"video_link\"]}}, {\"changed\": {\"name\": \"video\", \"object\": \"\\ud504\\ub85c\\uadf8\\ub798\\ubc0d - \\uae30\\ucd08\\ud3b8\", \"fields\": [\"video_link\"]}}, {\"changed\": {\"name\": \"video\", \"object\": \"\\ud504\\ub85c\\uadf8\\ub798\\ubc0d - \\uc608\\uc81c\\ud3b8\", \"fields\": [\"video_link\"]}}, {\"changed\": {\"name\": \"video\", \"object\": \"\\ud504\\ub85c\\uadf8\\ub798\\ubc0d - \\uc2e4\\uc804(1)\", \"fields\": [\"video_link\"]}}, {\"changed\": {\"name\": \"video\", \"object\": \"\\ud504\\ub85c\\uadf8\\ub798\\ubc0d - \\uc2e4\\uc804(2)\", \"fields\": [\"video_link\"]}}, {\"changed\": {\"name\": \"video\", \"object\": \"\\ud504\\ub85c\\uadf8\\ub798\\ubc0d - \\uc560\\ub2c8\\uba54\\uc774\\uc158(1)\", \"fields\": [\"video_link\"]}}, {\"changed\": {\"name\": \"video\", \"object\": \"\\ud504\\ub85c\\uadf8\\ub798\\ubc0d - \\uc560\\ub2c8\\uba54\\uc774\\uc158(2)\", \"fields\": [\"video_link\"]}}, {\"changed\": {\"name\": \"video\", \"object\": \"\\ud504\\ub85c\\uadf8\\ub798\\ubc0d - \\uc560\\ub2c8\\uba54\\uc774\\uc158(3)\", \"fields\": [\"video_link\"]}}]',24,1),(475,'2019-01-15 12:37:43.754334','15','초등학교 엔트리 코딩(초등학교 실과)',2,'[{\"changed\": {\"fields\": [\"isShow\"]}}]',24,1),(476,'2019-01-16 03:35:14.763229','15','초등학교 엔트리 코딩(초등 실과)',2,'[{\"changed\": {\"fields\": [\"title\"]}}]',24,1),(477,'2019-01-16 06:19:06.329875','14','틴커캐드(Tinkercad)로 배우는 3D 모델링 기초',2,'[{\"changed\": {\"name\": \"video\", \"object\": \"01. CURA \\ub2e4\\uc6b4\\ub85c\\ub4dc \\ubc0f \\uae30\\ubcf8\\uc138\\ud305 M508 3D \\ud504\\ub9b0\\ud130\\uc6a9\", \"fields\": [\"title\"]}}, {\"changed\": {\"name\": \"video\", \"object\": \"02. Tinkercad(\\ud2f4\\ucee4\\uce90\\ub4dc) \\uae30\\ucd08 \\ubc30\\uc6b0\\uae30\", \"fields\": [\"title\"]}}, {\"changed\": {\"name\": \"video\", \"object\": \"03. Tinkercad(\\ud2f4\\ucee4\\uce90\\ub4dc) \\uae30\\ucd08 \\ubc30\\uc6b0\\uae30 \\uc870\\ub9bd\\uad6c\\uc870\\ubb3c \\ub9cc\\ub4e4\\uae30\", \"fields\": [\"title\"]}}, {\"changed\": {\"name\": \"video\", \"object\": \"04. Tinkercad(\\ud2f4\\ucee4\\uce90\\ub4dc) \\uae30\\ucd08 \\ubc30\\uc6b0\\uae30 \\uc758\\uc790 \\ub9cc\\ub4e4\\uae30\", \"fields\": [\"title\"]}}, {\"changed\": {\"name\": \"video\", \"object\": \"05. Tinkercad(\\ud2f4\\ucee4\\uce90\\ub4dc) \\uae30\\ucd08 \\ubc30\\uc6b0\\uae30 \\uc758\\uc790 \\ub9cc\\ub4e4\\uae30 \\ud6c4\\ubc18\\ubd80 \\uc815\\ub82c\\ud65c\\uc6a9\", \"fields\": [\"title\"]}}, {\"changed\": {\"name\": \"video\", \"object\": \"06. Tinkercad(\\ud2f4\\ucee4\\uce90\\ub4dc) \\uae30\\ucd08 \\ubc30\\uc6b0\\uae30 \\uc9d1\\ub9cc\\ub4e4\\uae30 \\uae30\\ucd08\", \"fields\": [\"title\"]}}, {\"changed\": {\"name\": \"video\", \"object\": \"07. Tinkercad(\\ud2f4\\ucee4\\uce90\\ub4dc) \\uae30\\ucd08 \\ubc30\\uc6b0\\uae30 \\uc9d1\\ub9cc\\ub4e4\\uae30 \\uc2ec\\ud654\", \"fields\": [\"title\"]}}, {\"changed\": {\"name\": \"video\", \"object\": \"08. Tinkercad(\\ud2f4\\ucee4\\uce90\\ub4dc) \\uae30\\ucd08 \\ubc30\\uc6b0\\uae30 \\ub098\\ub85c\\ud638 \\ub85c\\ucf13 \\ubaa8\\ub378\\ub9c1 \\ubc30\\uc6b0\\uae30\", \"fields\": [\"title\"]}}, {\"changed\": {\"name\": \"video\", \"object\": \"09. Tinkercad(\\ud2f4\\ucee4\\uce90\\ub4dc) \\uae30\\ucd08 \\ubc30\\uc6b0\\uae30 \\ubbf8\\uba54\\uc774\\ucee4 \\ucf54\\ub529\\ubcf4\\ub4dc \\ubaa8\\ub4c8(\\ud130\\uce58\\uc13c\\uc11c) \\ucf00\\uc774\\uc2a4 \\ubaa8\\ub378\\ub9c101\", \"fields\": [\"title\"]}}, {\"changed\": {\"name\": \"video\", \"object\": \"10. Tinkercad(\\ud2f4\\ucee4\\uce90\\ub4dc) \\uae30\\ucd08 \\ubc30\\uc6b0\\uae30 \\ubbf8\\uba54\\uc774\\ucee4 \\ucf54\\ub529\\ubcf4\\ub4dc \\ubaa8\\ub4c8(\\ud130\\uce58\\uc13c\\uc11c) \\ucf00\\uc774\\uc2a4 \\ubaa8\\ub378\\ub9c1 02\", \"fields\": [\"title\"]}}]',24,1);
/*!40000 ALTER TABLE `django_admin_log` ENABLE KEYS */;
UNLOCK TABLES;

--
-- Table structure for table `django_content_type`
--

DROP TABLE IF EXISTS `django_content_type`;
/*!40101 SET @saved_cs_client     = @@character_set_client */;
/*!40101 SET character_set_client = utf8 */;
CREATE TABLE `django_content_type` (
  `id` int(11) NOT NULL AUTO_INCREMENT,
  `app_label` varchar(100) NOT NULL,
  `model` varchar(100) NOT NULL,
  PRIMARY KEY (`id`),
  UNIQUE KEY `django_content_type_app_label_model_76bd3d3b_uniq` (`app_label`,`model`)
) ENGINE=InnoDB AUTO_INCREMENT=31 DEFAULT CHARSET=utf8;
/*!40101 SET character_set_client = @saved_cs_client */;

--
-- Dumping data for table `django_content_type`
--

LOCK TABLES `django_content_type` WRITE;
/*!40000 ALTER TABLE `django_content_type` DISABLE KEYS */;
INSERT INTO `django_content_type` VALUES (20,'accounts','userprofile'),(1,'admin','logentry'),(3,'auth','group'),(2,'auth','permission'),(4,'auth','user'),(21,'boards','board'),(23,'boards','post'),(22,'boards','topic'),(5,'contenttypes','contenttype'),(7,'easy_thumbnails','source'),(8,'easy_thumbnails','thumbnail'),(9,'easy_thumbnails','thumbnaildimensions'),(12,'intro','intro'),(16,'lectures','category'),(17,'lectures','lecture'),(18,'lectures','section'),(19,'lectures','video'),(10,'polls','choice'),(11,'polls','question'),(27,'products','appraisal'),(13,'products','category'),(24,'products','content'),(14,'products','detail'),(25,'products','file'),(26,'products','image'),(28,'products','lecture'),(15,'products','product'),(29,'products','replychapter'),(30,'products','video'),(6,'sessions','session');
/*!40000 ALTER TABLE `django_content_type` ENABLE KEYS */;
UNLOCK TABLES;

--
-- Table structure for table `django_migrations`
--

DROP TABLE IF EXISTS `django_migrations`;
/*!40101 SET @saved_cs_client     = @@character_set_client */;
/*!40101 SET character_set_client = utf8 */;
CREATE TABLE `django_migrations` (
  `id` int(11) NOT NULL AUTO_INCREMENT,
  `app` varchar(255) NOT NULL,
  `name` varchar(255) NOT NULL,
  `applied` datetime(6) NOT NULL,
  PRIMARY KEY (`id`)
) ENGINE=InnoDB AUTO_INCREMENT=121 DEFAULT CHARSET=utf8;
/*!40101 SET character_set_client = @saved_cs_client */;

--
-- Dumping data for table `django_migrations`
--

LOCK TABLES `django_migrations` WRITE;
/*!40000 ALTER TABLE `django_migrations` DISABLE KEYS */;
INSERT INTO `django_migrations` VALUES (1,'contenttypes','0001_initial','2018-11-12 06:59:20.182348'),(2,'auth','0001_initial','2018-11-12 06:59:20.553856'),(3,'admin','0001_initial','2018-11-12 06:59:20.637659'),(4,'admin','0002_logentry_remove_auto_add','2018-11-12 06:59:20.646597'),(5,'admin','0003_logentry_add_action_flag_choices','2018-11-12 06:59:20.656516'),(6,'contenttypes','0002_remove_content_type_name','2018-11-12 06:59:20.714150'),(7,'auth','0002_alter_permission_name_max_length','2018-11-12 06:59:20.746559'),(8,'auth','0003_alter_user_email_max_length','2018-11-12 06:59:20.784235'),(9,'auth','0004_alter_user_username_opts','2018-11-12 06:59:20.794145'),(10,'auth','0005_alter_user_last_login_null','2018-11-12 06:59:20.823899'),(11,'auth','0006_require_contenttypes_0002','2018-11-12 06:59:20.826953'),(12,'auth','0007_alter_validators_add_error_messages','2018-11-12 06:59:20.836663'),(13,'auth','0008_alter_user_username_max_length','2018-11-12 06:59:20.875856'),(14,'auth','0009_alter_user_last_name_max_length','2018-11-12 06:59:20.915737'),(15,'easy_thumbnails','0001_initial','2018-11-12 06:59:21.046683'),(16,'easy_thumbnails','0002_thumbnaildimensions','2018-11-12 06:59:21.099250'),(17,'intro','0001_initial','2018-11-12 06:59:21.119225'),(18,'intro','0002_auto_20181025_2011','2018-11-12 06:59:21.123911'),(19,'intro','0003_intro_character','2018-11-12 06:59:21.152716'),(20,'products','0001_initial','2018-11-12 06:59:21.294799'),(21,'products','0002_auto_20181026_1826','2018-11-12 06:59:21.306401'),(22,'products','0003_auto_20181026_1829','2018-11-12 06:59:21.312821'),(23,'products','0004_auto_20181026_2111','2018-11-12 06:59:21.324294'),(24,'products','0005_auto_20181026_2119','2018-11-12 06:59:21.330923'),(25,'products','0006_product_product_thumbnail','2018-11-12 06:59:21.366426'),(26,'products','0007_remove_product_product_thumbnail','2018-11-12 06:59:21.394559'),(27,'products','0008_auto_20181029_0212','2018-11-12 06:59:21.400603'),(28,'products','0009_auto_20181107_1255','2018-11-12 06:59:21.569339'),(29,'lectures','0001_initial','2018-11-12 06:59:21.751017'),(30,'lectures','0002_auto_20181101_1241','2018-11-12 06:59:21.759360'),(31,'lectures','0003_auto_20181106_1437','2018-11-12 06:59:22.080030'),(32,'lectures','0004_auto_20181106_1443','2018-11-12 06:59:22.111083'),(33,'lectures','0005_auto_20181106_1452','2018-11-12 06:59:22.356867'),(34,'lectures','0006_auto_20181106_1457','2018-11-12 06:59:22.398600'),(35,'lectures','0007_lecture_description','2018-11-12 06:59:22.433552'),(36,'lectures','0008_lecture_material','2018-11-12 06:59:22.498932'),(37,'lectures','0009_auto_20181112_0023','2018-11-12 06:59:22.575224'),(38,'lectures','0010_lecture_content','2018-11-12 06:59:22.612748'),(39,'polls','0001_initial','2018-11-12 06:59:22.697846'),(40,'products','0010_auto_20181111_2346','2018-11-12 06:59:22.754765'),(41,'products','0011_detail_title','2018-11-12 06:59:22.786841'),(42,'products','0012_auto_20181112_1434','2018-11-12 06:59:22.849644'),(43,'products','0013_auto_20181112_1523','2018-11-12 06:59:22.858630'),(44,'sessions','0001_initial','2018-11-12 06:59:22.886479'),(45,'lectures','0011_auto_20181117_1940','2018-11-17 10:40:32.447115'),(46,'lectures','0012_auto_20181117_2206','2018-11-17 13:07:02.472982'),(47,'products','0014_product_related_lec','2018-11-17 13:42:25.514643'),(48,'products','0015_remove_product_related_lec','2018-11-17 13:42:25.552176'),(49,'products','0016_product_related_lec','2018-11-17 13:42:25.671137'),(50,'accounts','0001_initial','2018-11-18 06:15:28.988951'),(51,'accounts','0002_auto_20181127_1642','2018-11-27 07:42:14.546230'),(52,'accounts','0003_auto_20181127_1646','2018-11-27 07:46:55.313120'),(53,'accounts','0004_auto_20181127_1646','2018-11-27 07:46:55.468292'),(54,'accounts','0005_userprofile_email_confirmed','2018-12-05 07:12:06.386212'),(55,'accounts','0006_userprofile_image','2018-12-12 15:05:42.731158'),(56,'accounts','0007_auto_20181213_0008','2018-12-12 15:08:22.751665'),(57,'accounts','0008_remove_userprofile_image','2018-12-12 15:10:26.839752'),(58,'accounts','0009_userprofile_image','2018-12-12 15:10:50.151347'),(59,'accounts','0010_remove_userprofile_image','2018-12-12 15:13:17.831662'),(60,'accounts','0011_userprofile_image','2018-12-12 15:13:28.271055'),(61,'accounts','0012_auto_20181213_0024','2018-12-12 15:24:33.293187'),(62,'accounts','0013_auto_20181213_0025','2018-12-12 15:25:40.709528'),(63,'accounts','0014_auto_20181213_0058','2018-12-12 15:58:43.953923'),(64,'accounts','0015_auto_20181213_0100','2018-12-12 16:00:48.328977'),(65,'accounts','0016_userprofile_route','2018-12-13 03:29:39.593545'),(67,'boards','0002_topic_views','2018-12-20 06:44:47.879984'),(68,'boards','0003_auto_20181220_1733','2018-12-20 08:33:39.954129'),(69,'boards','0004_auto_20181221_1241','2018-12-21 07:34:50.006733'),(70,'boards','0005_auto_20181221_1631','2018-12-21 07:34:50.235893'),(71,'boards','0001_initial','2018-12-21 08:15:21.855208'),(72,'boards','0002_remove_post_created_by','2018-12-21 09:10:27.841227'),(73,'boards','0003_auto_20181221_1812','2018-12-21 09:12:14.931287'),(74,'boards','0004_auto_20181221_1812','2018-12-21 09:12:59.736277'),(75,'boards','0005_auto_20181221_1813','2018-12-21 09:13:17.190676'),(76,'boards','0006_auto_20181221_1824','2018-12-21 09:24:49.967423'),(77,'boards','0007_post_order','2018-12-21 10:15:48.948904'),(78,'accounts','0017_userprofile_agree','2018-12-27 01:59:14.659653'),(79,'products','0017_product_link','2018-12-30 08:41:44.208298'),(80,'boards','0008_auto_20181231_1213','2018-12-31 03:13:34.766708'),(81,'products','0018_product_related_pro','2019-01-08 05:19:24.814019'),(82,'products','0019_remove_product_related_pro','2019-01-08 05:19:24.844681'),(83,'lectures','0013_remove_lecture_book','2019-01-08 05:19:24.913995'),(84,'lectures','0014_remove_lecture_teacher','2019-01-08 05:19:24.983107'),(85,'lectures','0015_lecture_teacher','2019-01-08 05:19:25.102182'),(86,'lectures','0016_auto_20190101_2325','2019-01-08 05:19:25.402076'),(87,'accounts','0018_auto_20190101_2325','2019-01-08 05:19:25.452570'),(88,'products','0020_auto_20190101_2325','2019-01-08 05:19:26.254910'),(89,'products','0021_remove_lecture_content','2019-01-08 05:19:26.291438'),(90,'products','0022_auto_20190102_0013','2019-01-08 05:19:26.929529'),(91,'products','0023_auto_20190102_0017','2019-01-08 05:19:27.066409'),(92,'products','0024_auto_20190102_0017','2019-01-08 05:19:27.423215'),(93,'products','0025_auto_20190102_0105','2019-01-08 05:19:27.727413'),(94,'products','0026_auto_20190102_0121','2019-01-08 05:19:27.737464'),(95,'products','0027_auto_20190102_0155','2019-01-08 05:19:27.751899'),(96,'products','0028_auto_20190102_0201','2019-01-08 05:19:28.125091'),(97,'products','0029_auto_20190102_0201','2019-01-08 05:19:28.502570'),(98,'accounts','0019_userprofile_favorite','2019-01-08 05:19:28.624605'),(99,'boards','0009_auto_20190107_1456','2019-01-08 05:19:28.758124'),(100,'boards','0010_auto_20190107_1456','2019-01-08 05:19:28.792538'),(101,'boards','0011_auto_20190107_1756','2019-01-08 05:19:28.938810'),(102,'boards','0012_auto_20190107_1801','2019-01-08 05:19:29.142221'),(103,'boards','0013_auto_20190107_1809','2019-01-08 05:19:29.160651'),(104,'lectures','0017_auto_20190101_2325','2019-01-08 05:19:29.186816'),(105,'products','0030_auto_20190103_1441','2019-01-08 05:19:29.222969'),(106,'products','0031_auto_20190106_1809','2019-01-08 05:19:29.237812'),(107,'products','0032_auto_20190107_1809','2019-01-08 05:19:29.329609'),(108,'products','0033_file_type','2019-01-08 05:19:29.361480'),(109,'boards','0014_auto_20190112_1700','2019-01-12 09:12:48.168385'),(110,'products','0034_auto_20190118_1321','2019-01-18 06:28:59.643153'),(111,'products','0035_category_slug','2019-01-18 06:28:59.766245'),(112,'products','0036_remove_category_slug','2019-01-18 06:28:59.851106'),(113,'products','0037_category_slug','2019-01-18 06:28:59.930580'),(114,'products','0038_remove_category_slug','2019-01-18 06:29:00.030580'),(115,'products','0039_auto_20190118_1446','2019-01-18 06:29:00.191153'),(116,'products','0040_auto_20190118_1506','2019-01-18 06:29:00.353262'),(117,'products','0041_auto_20190118_1506','2019-01-18 06:29:00.598552'),(118,'products','0042_auto_20190118_1522','2019-01-18 06:29:00.625189'),(119,'products','0043_auto_20190118_1526','2019-01-18 06:29:00.651076'),(120,'products','0044_auto_20190118_1546','2019-01-18 06:46:56.641124');
/*!40000 ALTER TABLE `django_migrations` ENABLE KEYS */;
UNLOCK TABLES;

--
-- Table structure for table `django_session`
--

DROP TABLE IF EXISTS `django_session`;
/*!40101 SET @saved_cs_client     = @@character_set_client */;
/*!40101 SET character_set_client = utf8 */;
CREATE TABLE `django_session` (
  `session_key` varchar(40) NOT NULL,
  `session_data` longtext NOT NULL,
  `expire_date` datetime(6) NOT NULL,
  PRIMARY KEY (`session_key`),
  KEY `django_session_expire_date_a5c62663` (`expire_date`)
) ENGINE=InnoDB DEFAULT CHARSET=utf8;
/*!40101 SET character_set_client = @saved_cs_client */;

--
-- Dumping data for table `django_session`
--

LOCK TABLES `django_session` WRITE;
/*!40000 ALTER TABLE `django_session` DISABLE KEYS */;
INSERT INTO `django_session` VALUES ('03fadtfhfqablfsfw3jw5tl68d2p8h5k','NmM0NWRjYmFkNGIxNjAwNWIyYzVlNWU4ZjBkMmE3OWMxZTVlODJkZDp7InZpZXdlZF90b3BpY18xMjAiOnRydWV9','2019-02-01 08:35:53.958524'),('0cakn9omae73fffqj0qe5uxh4dg4bmqy','NmM0NWRjYmFkNGIxNjAwNWIyYzVlNWU4ZjBkMmE3OWMxZTVlODJkZDp7InZpZXdlZF90b3BpY18xMjAiOnRydWV9','2019-01-31 07:22:39.461029'),('0dcmdnu5ju9d1y5lrfixfxui6hxj80rl','YmY5YjgzNGFhMzMwZGU5ZjJmZWIwNmUwNzQxOWE0ZjkzOTI0MzkwNDp7InZpZXdlZF90b3BpY18xMTUiOnRydWV9','2019-01-15 05:45:30.940710'),('0sa8kv5n8z5iiodwmi0fhulcaotgijtz','MDNhYzNhNGViNTNjNDBlMWNmZDI2OWFkNDU5YWU3ZGY1ZTNkOTA0Zjp7InZpZXdlZF90b3BpY18xMjEiOnRydWV9','2019-01-31 07:50:49.579875'),('127b8hgpsxf22nlyxjuiijtic7jod6nl','NGIzYTE4YTRlNmJmZDRiZjkxYTY0YmYyMTU5NmMwMTI1OWM3ODE5Yzp7fQ==','2018-12-05 17:02:13.883609'),('13ys0w676ep9ztzam7avvdosoromafza','MDg3ZDEzYTM2ODdlMzhmOGYwNTkyYzM0YzcxZThiOWMyMTIyYTUzMjp7InZpZXdlZF90b3BpY18xMTMiOnRydWV9','2019-01-22 05:34:10.773464'),('1fnely3az2ilubsycvqmrojsynjbrapb','NmM0NWRjYmFkNGIxNjAwNWIyYzVlNWU4ZjBkMmE3OWMxZTVlODJkZDp7InZpZXdlZF90b3BpY18xMjAiOnRydWV9','2019-01-30 20:23:37.081681'),('1hf5k8xygv4429pu4lx5zix58uizxb05','NWNmOWJlZmIyNDEyNzYwMmNlZWQ3N2NmMTAxYjVkNWFkZDI0ZjVjZDp7InZpZXdlZF90b3BpY18xMjAiOnRydWUsInZpZXdlZF90b3BpY18xMTkiOnRydWUsInZpZXdlZF90b3BpY18xMTMiOnRydWV9','2019-01-22 16:38:55.484648'),('1lpumlttwfqhwdw613lz5u1b645al77n','NGIzYTE4YTRlNmJmZDRiZjkxYTY0YmYyMTU5NmMwMTI1OWM3ODE5Yzp7fQ==','2018-12-05 17:05:28.937142'),('1ptpa7kyvn0h7meil2xfgxk4alqwik5f','MjA5OGQyMDQ0ZGNlYjMzMjJmZTNhYzM0OTVhZDk1NmNiZTZlNTdlMjp7InZpZXdlZF90b3BpY18xMTkiOnRydWV9','2019-01-29 01:09:24.765677'),('25y8q33pqgwxbiearmkxziu8eju9kptb','YmY5YjgzNGFhMzMwZGU5ZjJmZWIwNmUwNzQxOWE0ZjkzOTI0MzkwNDp7InZpZXdlZF90b3BpY18xMTUiOnRydWV9','2019-01-18 05:54:13.157448'),('26p2ukc05hjv28pu798zip2yxy6k8ecp','NmM0NWRjYmFkNGIxNjAwNWIyYzVlNWU4ZjBkMmE3OWMxZTVlODJkZDp7InZpZXdlZF90b3BpY18xMjAiOnRydWV9','2019-01-23 11:48:19.269996'),('2esfgc79ibhutr93nxf5iuvndi1i92dr','NmQ5N2E2ZDA4YzUwYzVhZDJmZTQ0OWZiMDM2ZjJmNzJkYTBhYmVmMTp7Il9hdXRoX3VzZXJfaWQiOiI0NSIsIl9hdXRoX3VzZXJfYmFja2VuZCI6ImRqYW5nby5jb250cmliLmF1dGguYmFja2VuZHMuTW9kZWxCYWNrZW5kIiwiX2F1dGhfdXNlcl9oYXNoIjoiYzc4YTFmMzIzZGRmNWQyOTYwOGU3ZjVhMDkzZmI3Yjk1NDRlZjQyNiJ9','2019-01-17 10:30:31.129203'),('2im25kto2p52o6cktga15296odjbumiq','YmY5YjgzNGFhMzMwZGU5ZjJmZWIwNmUwNzQxOWE0ZjkzOTI0MzkwNDp7InZpZXdlZF90b3BpY18xMTUiOnRydWV9','2019-01-28 10:25:12.993788'),('2j0pddf3qsi05y0gqm6ccj98ravyx5kp','NmM0NWRjYmFkNGIxNjAwNWIyYzVlNWU4ZjBkMmE3OWMxZTVlODJkZDp7InZpZXdlZF90b3BpY18xMjAiOnRydWV9','2019-01-30 18:22:45.594628'),('2xi0sqkr5zebqjy8hfihkqtucubb64rq','YmY5YjgzNGFhMzMwZGU5ZjJmZWIwNmUwNzQxOWE0ZjkzOTI0MzkwNDp7InZpZXdlZF90b3BpY18xMTUiOnRydWV9','2019-01-19 12:49:52.509713'),('2yjuxwj8m72q6bn0k3bmcbk5v8pyw7bs','MjA5OGQyMDQ0ZGNlYjMzMjJmZTNhYzM0OTVhZDk1NmNiZTZlNTdlMjp7InZpZXdlZF90b3BpY18xMTkiOnRydWV9','2019-01-26 18:11:18.564825'),('39cb4yk6qxdxrw6lulz910zltmdeqwvv','MjA5OGQyMDQ0ZGNlYjMzMjJmZTNhYzM0OTVhZDk1NmNiZTZlNTdlMjp7InZpZXdlZF90b3BpY18xMTkiOnRydWV9','2019-01-29 12:37:51.277284'),('3e0qk1qbs9dwpdnmemiy5ymz3ouvbgts','YmY5YjgzNGFhMzMwZGU5ZjJmZWIwNmUwNzQxOWE0ZjkzOTI0MzkwNDp7InZpZXdlZF90b3BpY18xMTUiOnRydWV9','2019-01-23 18:28:12.628076'),('3i86mmggftik312f2enasjm1umpewepy','MDg3ZDEzYTM2ODdlMzhmOGYwNTkyYzM0YzcxZThiOWMyMTIyYTUzMjp7InZpZXdlZF90b3BpY18xMTMiOnRydWV9','2019-01-30 15:51:10.925348'),('3kfpx9dqzwzzg8x4h9z0x5055fr6r4q2','MDg3ZDEzYTM2ODdlMzhmOGYwNTkyYzM0YzcxZThiOWMyMTIyYTUzMjp7InZpZXdlZF90b3BpY18xMTMiOnRydWV9','2019-01-22 13:37:52.591681'),('3l79ttfpstb8c8af9xbdztmhlyrbovob','NmM0NWRjYmFkNGIxNjAwNWIyYzVlNWU4ZjBkMmE3OWMxZTVlODJkZDp7InZpZXdlZF90b3BpY18xMjAiOnRydWV9','2019-01-30 09:57:15.983458'),('44tdoe6re8f28wa9juihsxhktfee0pcv','YmY5YjgzNGFhMzMwZGU5ZjJmZWIwNmUwNzQxOWE0ZjkzOTI0MzkwNDp7InZpZXdlZF90b3BpY18xMTUiOnRydWV9','2019-01-18 09:58:18.645456'),('483zdv4yuzkhqtllymsef9ywbljavo49','YmY5YjgzNGFhMzMwZGU5ZjJmZWIwNmUwNzQxOWE0ZjkzOTI0MzkwNDp7InZpZXdlZF90b3BpY18xMTUiOnRydWV9','2019-01-31 11:37:59.889448'),('4fkk0i7m5g8c4f5p4v4wfjqle304v487','MDg3ZDEzYTM2ODdlMzhmOGYwNTkyYzM0YzcxZThiOWMyMTIyYTUzMjp7InZpZXdlZF90b3BpY18xMTMiOnRydWV9','2019-01-23 18:43:01.458497'),('4x00cekccu8t3bgylacs5nfeqtoyju9p','ZmM0MmFkY2Q0MmZmYjkyMWU1MTk4ZjljOGY3M2ViMmIyMzE2YjUzMDp7Il9hdXRoX3VzZXJfaWQiOiIxIiwiX2F1dGhfdXNlcl9iYWNrZW5kIjoiZGphbmdvLmNvbnRyaWIuYXV0aC5iYWNrZW5kcy5Nb2RlbEJhY2tlbmQiLCJfYXV0aF91c2VyX2hhc2giOiI3MmFlOTdkNmVkYzQ2ZTY2YmYyMzdhZDUzMTU2NmY3NmE2ZjUwN2NmIiwidmlld2VkX3RvcGljXzExMyI6dHJ1ZX0=','2019-01-22 08:22:09.907421'),('58gtp0or7xsd7rfc37ru7szq38xblmi0','YmY1MGU0MDFkNDUyYjkxZmQ0YTQ2MmNjY2YyYmM0NTdlODYwNmQ4Yjp7InZpZXdlZF90b3BpY18xMTMiOnRydWUsInZpZXdlZF90b3BpY18xMTUiOnRydWV9','2019-01-22 05:50:42.666098'),('5ckh0p5nbzgs4kt0vxzuz5vsbrc247f4','YmY5YjgzNGFhMzMwZGU5ZjJmZWIwNmUwNzQxOWE0ZjkzOTI0MzkwNDp7InZpZXdlZF90b3BpY18xMTUiOnRydWV9','2019-01-30 09:32:14.280165'),('5d2r2a24ekivmb3b47j3qr9r7i6gvhap','MDg3ZDEzYTM2ODdlMzhmOGYwNTkyYzM0YzcxZThiOWMyMTIyYTUzMjp7InZpZXdlZF90b3BpY18xMTMiOnRydWV9','2019-02-02 16:14:25.112536'),('5r4sys7zsex4tbqzxcmlgm06fnmhqzoc','YmFjNzVlN2QyZTg4OGM4ZjgzY2FiYTE1MzNhNDA2YjE0N2ZiY2U3Mjp7InZpZXdlZF90b3BpY18xMTQiOnRydWV9','2019-01-31 11:37:54.969280'),('5yti1x59etpfjbfldv77ur0jc8hx9wid','YmFjNzVlN2QyZTg4OGM4ZjgzY2FiYTE1MzNhNDA2YjE0N2ZiY2U3Mjp7InZpZXdlZF90b3BpY18xMTQiOnRydWV9','2019-01-22 13:46:01.836867'),('66g4z4yw6vxrmbyxyhig8qbgx00ndoyu','MDNhYzNhNGViNTNjNDBlMWNmZDI2OWFkNDU5YWU3ZGY1ZTNkOTA0Zjp7InZpZXdlZF90b3BpY18xMjEiOnRydWV9','2019-01-29 13:45:49.677354'),('68hfg8qri7046g55yxfj8ayyglss1bt1','MzhhZTc3NzBhNzBjNjMwNzBlZDhlMTlhNjRhZTAyMzVjODg4MWE5Njp7Il9hdXRoX3VzZXJfaWQiOiIxIiwiX2F1dGhfdXNlcl9iYWNrZW5kIjoiZGphbmdvLmNvbnRyaWIuYXV0aC5iYWNrZW5kcy5Nb2RlbEJhY2tlbmQiLCJfYXV0aF91c2VyX2hhc2giOiI4NGU1MDIwNGZlNWYxYTE2MTUwN2VlYjBjZmNiMzY2ZWVhNTM2YTNkIn0=','2018-12-04 03:08:16.075682'),('6c5jqai4xszkl9f39fium7sqn0z0fr8j','MDNhYzNhNGViNTNjNDBlMWNmZDI2OWFkNDU5YWU3ZGY1ZTNkOTA0Zjp7InZpZXdlZF90b3BpY18xMjEiOnRydWV9','2019-01-30 17:16:38.131727'),('6nfbpe4iaaryqaib6l5naxhzlx00gl5i','MDg3ZDEzYTM2ODdlMzhmOGYwNTkyYzM0YzcxZThiOWMyMTIyYTUzMjp7InZpZXdlZF90b3BpY18xMTMiOnRydWV9','2019-01-31 01:57:30.098375'),('6p401bxuykxi8tbwt6o4765gx3ny2irw','MDg3ZDEzYTM2ODdlMzhmOGYwNTkyYzM0YzcxZThiOWMyMTIyYTUzMjp7InZpZXdlZF90b3BpY18xMTMiOnRydWV9','2019-01-27 23:06:32.204089'),('6tlag5hb6om2oi79leerxtjava8a8171','YmFjNzVlN2QyZTg4OGM4ZjgzY2FiYTE1MzNhNDA2YjE0N2ZiY2U3Mjp7InZpZXdlZF90b3BpY18xMTQiOnRydWV9','2019-01-30 04:47:05.658381'),('6vu7f0rfslk7wgi0dmgiajag7llv16za','YmFjNzVlN2QyZTg4OGM4ZjgzY2FiYTE1MzNhNDA2YjE0N2ZiY2U3Mjp7InZpZXdlZF90b3BpY18xMTQiOnRydWV9','2019-01-18 05:54:15.420912'),('7k1dafk6340jfiat9fwbo71rrg6r61u6','YmY5YjgzNGFhMzMwZGU5ZjJmZWIwNmUwNzQxOWE0ZjkzOTI0MzkwNDp7InZpZXdlZF90b3BpY18xMTUiOnRydWV9','2019-01-24 00:36:37.450083'),('7qcxqibio24629u7vnc1h0rsagijqaql','YmY5YjgzNGFhMzMwZGU5ZjJmZWIwNmUwNzQxOWE0ZjkzOTI0MzkwNDp7InZpZXdlZF90b3BpY18xMTUiOnRydWV9','2019-01-22 15:13:53.669737'),('7vnxxfi2rj2dkrta5y53jo2cp15j8u4s','YmFjNzVlN2QyZTg4OGM4ZjgzY2FiYTE1MzNhNDA2YjE0N2ZiY2U3Mjp7InZpZXdlZF90b3BpY18xMTQiOnRydWV9','2019-01-30 20:41:20.258562'),('82x63crugv4dul79gqwqzpgntnr0hcaa','Y2MwNmQ3YWRiNmJhYzlmY2M0NWRhMzBhOWIxYTYyMzhmOTk2MGRkNjp7Il9hdXRoX3VzZXJfaWQiOiIxIiwiX2F1dGhfdXNlcl9iYWNrZW5kIjoiZGphbmdvLmNvbnRyaWIuYXV0aC5iYWNrZW5kcy5Nb2RlbEJhY2tlbmQiLCJfYXV0aF91c2VyX2hhc2giOiIwNWE0NGJiMDNlNWI0MzkyNGQyM2I4YjRjMTlkMWJiMjAwYjEzMzZlIn0=','2018-12-04 03:45:52.472424'),('83ccihphl7u87hqdscum362flyvbbo78','MDg3ZDEzYTM2ODdlMzhmOGYwNTkyYzM0YzcxZThiOWMyMTIyYTUzMjp7InZpZXdlZF90b3BpY18xMTMiOnRydWV9','2019-01-29 18:54:44.837556'),('88b5hhgiq3wnyq1x76bko6z8mo4i16zr','MjA5OGQyMDQ0ZGNlYjMzMjJmZTNhYzM0OTVhZDk1NmNiZTZlNTdlMjp7InZpZXdlZF90b3BpY18xMTkiOnRydWV9','2019-01-29 14:56:06.374346'),('8dva4daq6kvtku29luu8cqz0lnbpnm9l','MjA5OGQyMDQ0ZGNlYjMzMjJmZTNhYzM0OTVhZDk1NmNiZTZlNTdlMjp7InZpZXdlZF90b3BpY18xMTkiOnRydWV9','2019-01-29 13:34:18.672487'),('8fc7fnhlltxirwlew5gyo4ggjl7z59nn','NjBkNmNlOWRhMjQ1YWY0YTM5NTVhMDJiZjJmM2I1NzlhYmM0ZWU2Mjp7InZpZXdlZF90b3BpY18xMTciOnRydWV9','2019-01-15 01:33:17.478692'),('8p2fg3zrzcwl6zwbmx426wf7bmy5tvu8','ZmM0MmFkY2Q0MmZmYjkyMWU1MTk4ZjljOGY3M2ViMmIyMzE2YjUzMDp7Il9hdXRoX3VzZXJfaWQiOiIxIiwiX2F1dGhfdXNlcl9iYWNrZW5kIjoiZGphbmdvLmNvbnRyaWIuYXV0aC5iYWNrZW5kcy5Nb2RlbEJhY2tlbmQiLCJfYXV0aF91c2VyX2hhc2giOiI3MmFlOTdkNmVkYzQ2ZTY2YmYyMzdhZDUzMTU2NmY3NmE2ZjUwN2NmIiwidmlld2VkX3RvcGljXzExMyI6dHJ1ZX0=','2019-01-22 06:14:46.428924'),('93hmw7rncizb9olv6gyp8fz9smwypywg','MjA5OGQyMDQ0ZGNlYjMzMjJmZTNhYzM0OTVhZDk1NmNiZTZlNTdlMjp7InZpZXdlZF90b3BpY18xMTkiOnRydWV9','2019-01-30 01:08:04.244046'),('990kbkkoiw4wpjqfaguzcfpjqtgevjlk','MjA5OGQyMDQ0ZGNlYjMzMjJmZTNhYzM0OTVhZDk1NmNiZTZlNTdlMjp7InZpZXdlZF90b3BpY18xMTkiOnRydWV9','2019-01-23 11:48:17.555908'),('9cg139cy0400bej31l9dzdinllinhym5','MDg3ZDEzYTM2ODdlMzhmOGYwNTkyYzM0YzcxZThiOWMyMTIyYTUzMjp7InZpZXdlZF90b3BpY18xMTMiOnRydWV9','2019-01-21 00:30:52.301330'),('9yaz844blc0ome4coiy6qo4a5b0ha8ky','YmY5YjgzNGFhMzMwZGU5ZjJmZWIwNmUwNzQxOWE0ZjkzOTI0MzkwNDp7InZpZXdlZF90b3BpY18xMTUiOnRydWV9','2019-01-28 23:02:13.314278'),('a24j4xxhit60iewrrtym6b7cvgk0uaan','MDNhYzNhNGViNTNjNDBlMWNmZDI2OWFkNDU5YWU3ZGY1ZTNkOTA0Zjp7InZpZXdlZF90b3BpY18xMjEiOnRydWV9','2019-02-03 08:06:11.329905'),('a7zbl9wn96r38bifo3wcz4unz71yabx8','NWJmMjlmOWI5Njg4MTZlZDdjZmYxOGUzN2Y5ZTJiMmVkMmI0YzYyMjp7Il9hdXRoX3VzZXJfaWQiOiIxIiwiX2F1dGhfdXNlcl9iYWNrZW5kIjoiZGphbmdvLmNvbnRyaWIuYXV0aC5iYWNrZW5kcy5Nb2RlbEJhY2tlbmQiLCJfYXV0aF91c2VyX2hhc2giOiJhZWY2YjQ1NjdhOGFkMWU0OGNjOGMzZGEwNzMzYmRmZjQyZDkwNGYzIn0=','2018-12-04 06:03:27.391780'),('arxok3xb0rrqr4dffqg8feqgc1a45uo4','MjA5OGQyMDQ0ZGNlYjMzMjJmZTNhYzM0OTVhZDk1NmNiZTZlNTdlMjp7InZpZXdlZF90b3BpY18xMTkiOnRydWV9','2019-01-28 07:29:36.787446'),('azpnbgdyp7s3qskz4q7de7dxvwt6vftu','ZDYxZDM4YmRkNmZlMTdmZmQ3MTExZDk2ZmQ0YzZlYTU2NzA3N2MxMjp7Il9hdXRoX3VzZXJfaWQiOiIxIiwiX2F1dGhfdXNlcl9iYWNrZW5kIjoiZGphbmdvLmNvbnRyaWIuYXV0aC5iYWNrZW5kcy5Nb2RlbEJhY2tlbmQiLCJfYXV0aF91c2VyX2hhc2giOiI3ZDBkZGE3NjIwMjdhZjA2MzIwNzQ3NGZmNzZhNWNhNjM0NWFiZTNlIn0=','2018-12-04 03:49:38.788997'),('b2mn688tyalpx7uv2pxom05perf3al9h','MDNhYzNhNGViNTNjNDBlMWNmZDI2OWFkNDU5YWU3ZGY1ZTNkOTA0Zjp7InZpZXdlZF90b3BpY18xMjEiOnRydWV9','2019-01-30 17:11:23.155007'),('b4ko88o4vjxr464udrc5f5n51kk852dx','MDNhYzNhNGViNTNjNDBlMWNmZDI2OWFkNDU5YWU3ZGY1ZTNkOTA0Zjp7InZpZXdlZF90b3BpY18xMjEiOnRydWV9','2019-01-30 17:06:58.273399'),('b7hsiygqjwb4dm8l44h87xv39yyb9yhu','YmY5YjgzNGFhMzMwZGU5ZjJmZWIwNmUwNzQxOWE0ZjkzOTI0MzkwNDp7InZpZXdlZF90b3BpY18xMTUiOnRydWV9','2019-01-21 01:10:52.370210'),('ba925wv5y8e26foee462zbuo3juyznua','NjNmZTBjNWEyNDAyNmU5YjZhNWUzNDQyMDUzNGI1MGFhNDQxYzg2YTp7Il9hdXRoX3VzZXJfaWQiOiIxIiwiX2F1dGhfdXNlcl9iYWNrZW5kIjoiZGphbmdvLmNvbnRyaWIuYXV0aC5iYWNrZW5kcy5Nb2RlbEJhY2tlbmQiLCJfYXV0aF91c2VyX2hhc2giOiI5YzVhNjU5MjY1MDE1YjJhMmUwOTFmNzk2NzYxNjczNDU3YzQxZTUzIn0=','2018-12-04 06:09:17.837710'),('beq4mhfat1op084ywzkt5vlsngfuuokj','YmY5YjgzNGFhMzMwZGU5ZjJmZWIwNmUwNzQxOWE0ZjkzOTI0MzkwNDp7InZpZXdlZF90b3BpY18xMTUiOnRydWV9','2019-01-23 11:48:30.286129'),('bjhvqjdmbkh60cf5nqhn1jngykm3wy6n','MjA5OGQyMDQ0ZGNlYjMzMjJmZTNhYzM0OTVhZDk1NmNiZTZlNTdlMjp7InZpZXdlZF90b3BpY18xMTkiOnRydWV9','2019-01-28 08:39:32.989235'),('bklboh6nrwih75swq17d0spzd8mrw7oh','NGIzYTE4YTRlNmJmZDRiZjkxYTY0YmYyMTU5NmMwMTI1OWM3ODE5Yzp7fQ==','2018-12-05 17:15:52.542212'),('bkmk8sshg25pu1wqhsruytk7utu6i0wp','YmFjNzVlN2QyZTg4OGM4ZjgzY2FiYTE1MzNhNDA2YjE0N2ZiY2U3Mjp7InZpZXdlZF90b3BpY18xMTQiOnRydWV9','2019-01-29 18:54:40.931703'),('cd7xng6muxxk7hfpp787ja2pt1m2rg4k','YmY5YjgzNGFhMzMwZGU5ZjJmZWIwNmUwNzQxOWE0ZjkzOTI0MzkwNDp7InZpZXdlZF90b3BpY18xMTUiOnRydWV9','2019-01-29 12:15:13.097579'),('cp6q6jp4u4vkynl88vg7b0eiepjqpu3d','MjA5OGQyMDQ0ZGNlYjMzMjJmZTNhYzM0OTVhZDk1NmNiZTZlNTdlMjp7InZpZXdlZF90b3BpY18xMTkiOnRydWV9','2019-01-30 14:39:14.576159'),('crvf7027b8l7286bpzohadg4k2cvo3mq','NmM0NWRjYmFkNGIxNjAwNWIyYzVlNWU4ZjBkMmE3OWMxZTVlODJkZDp7InZpZXdlZF90b3BpY18xMjAiOnRydWV9','2019-01-30 04:14:27.525817'),('ct6ewfllbevct2ak5au4wny40p359zs3','YmFjNzVlN2QyZTg4OGM4ZjgzY2FiYTE1MzNhNDA2YjE0N2ZiY2U3Mjp7InZpZXdlZF90b3BpY18xMTQiOnRydWV9','2019-01-23 11:48:24.682058'),('ctw6wba04ybimr58iexc276xd1jbdyva','Y2E5MTZiODQ3M2IwNjgxNzM5NWM0NjQ2NjNkN2M5ZDhiMDNhMzk5Nzp7Il9hdXRoX3VzZXJfaWQiOiIxIiwiX2F1dGhfdXNlcl9iYWNrZW5kIjoiZGphbmdvLmNvbnRyaWIuYXV0aC5iYWNrZW5kcy5Nb2RlbEJhY2tlbmQiLCJfYXV0aF91c2VyX2hhc2giOiJiN2JhZjQzMTk3OWRkMGNlZWU5YTM1N2JjZjE2N2RmMWZmNDk1OGU5In0=','2018-12-04 03:13:38.199050'),('d6ienzleb7nykekpot5tmq9ioo9q53rh','NDRjNjQ2NjQxMWU1MTI1ZDAxODJkYzg5YzJjMTc2ZjBjYTQ5ODhmYTp7Il9hdXRoX3VzZXJfaWQiOiIxIiwiX2F1dGhfdXNlcl9iYWNrZW5kIjoiZGphbmdvLmNvbnRyaWIuYXV0aC5iYWNrZW5kcy5Nb2RlbEJhY2tlbmQiLCJfYXV0aF91c2VyX2hhc2giOiJjOGRlYTQzYmFhMDc2ZjExYjE2MDZiMjgxNmQ0OWNlNGYwYTJhNDA4In0=','2018-12-04 03:12:36.293440'),('d7retg3u2k0sedmjzo5do84saplefyhi','YjRiYWRmMzk1NDliYzBjYWE5YmUxNDkzNDg0NTllODViMDViZmE1NTp7InZpZXdlZF90b3BpY18xMTgiOnRydWV9','2019-01-22 12:42:39.464554'),('de40e7nyac51yriyn41b3r3rnc308arw','MTA2ZGI5ODYzYWU4YmNmOTAyNGQ4NjM4OGNlYzQyNGFjNjdiMzg3MDp7Il9hdXRoX3VzZXJfaWQiOiIxIiwiX2F1dGhfdXNlcl9iYWNrZW5kIjoiZGphbmdvLmNvbnRyaWIuYXV0aC5iYWNrZW5kcy5Nb2RlbEJhY2tlbmQiLCJfYXV0aF91c2VyX2hhc2giOiIwNzRlYWI4OTczOTU5NzljYjQ3OThhYzk3ZjgzNjU1NjIxMmU0NjBjIn0=','2018-11-26 07:01:02.882194'),('drzn4h1kxxusr8twubdlltag5wbwizr9','Njg2MDFhYmMxZTI2NzBjMjRiNjRkY2E2MDc4YzM2NzNkMTM0Y2Q1Yjp7Il9hdXRoX3VzZXJfaWQiOiIxIiwiX2F1dGhfdXNlcl9iYWNrZW5kIjoiZGphbmdvLmNvbnRyaWIuYXV0aC5iYWNrZW5kcy5Nb2RlbEJhY2tlbmQiLCJfYXV0aF91c2VyX2hhc2giOiJhZjY4ODg4ODc0MjNhNjBlN2E0Y2NmNDdhY2QzY2MyODVkZmViNDk5In0=','2018-12-04 06:26:15.054962'),('eqdmwihcjmnvfmn7hai6hru8bxmqnh1n','NmM0NWRjYmFkNGIxNjAwNWIyYzVlNWU4ZjBkMmE3OWMxZTVlODJkZDp7InZpZXdlZF90b3BpY18xMjAiOnRydWV9','2019-01-28 08:39:38.119824'),('ew4ta3p0mbmqy4d0efsr8ek8mzzeo6k0','MWUzZDNhYjczNDZhNWZlZTU0NjhmNTFkZDkyYWYxZTAxNmU5MzYyMTp7InZpZXdlZF90b3BpY18xMjEiOnRydWUsInZpZXdlZF90b3BpY18xMTUiOnRydWV9','2019-01-31 11:08:16.202585'),('f43gkk7qyfsr0hrrin8izz2xga69rhm4','NmM0NWRjYmFkNGIxNjAwNWIyYzVlNWU4ZjBkMmE3OWMxZTVlODJkZDp7InZpZXdlZF90b3BpY18xMjAiOnRydWV9','2019-01-28 12:14:32.887129'),('fp6ar8jygyzmjuavhfxx29jwciff6ca0','NmM0NWRjYmFkNGIxNjAwNWIyYzVlNWU4ZjBkMmE3OWMxZTVlODJkZDp7InZpZXdlZF90b3BpY18xMjAiOnRydWV9','2019-01-29 09:57:56.526896'),('g0wsj79yd3o16dmxffunzild93i9ekzl','ZTY5ZDY3ODNkYjU5YTA4NTc5ZTQ0OTJiYjIwMDk2OTAzYjE2MTA2MDp7Il9hdXRoX3VzZXJfaWQiOiIxIiwiX2F1dGhfdXNlcl9iYWNrZW5kIjoiZGphbmdvLmNvbnRyaWIuYXV0aC5iYWNrZW5kcy5Nb2RlbEJhY2tlbmQiLCJfYXV0aF91c2VyX2hhc2giOiI3MmFlOTdkNmVkYzQ2ZTY2YmYyMzdhZDUzMTU2NmY3NmE2ZjUwN2NmIn0=','2019-01-22 14:50:53.437185'),('geh7uesogx4ymwy85mdk6i49169c2z6k','YmFjNzVlN2QyZTg4OGM4ZjgzY2FiYTE1MzNhNDA2YjE0N2ZiY2U3Mjp7InZpZXdlZF90b3BpY18xMTQiOnRydWV9','2019-01-28 08:39:45.637176'),('gg0gwyrlo64gtmh9uoza72k9eevbaxk6','YmY5YjgzNGFhMzMwZGU5ZjJmZWIwNmUwNzQxOWE0ZjkzOTI0MzkwNDp7InZpZXdlZF90b3BpY18xMTUiOnRydWV9','2019-01-27 23:04:27.023349'),('gyzxv26ugwj13nayyd4i0gtmh8nlpcc3','YmFjNzVlN2QyZTg4OGM4ZjgzY2FiYTE1MzNhNDA2YjE0N2ZiY2U3Mjp7InZpZXdlZF90b3BpY18xMTQiOnRydWV9','2019-01-24 01:35:15.825139'),('h0bcnyj3zud7ogdhikzhyc56mqyh07ja','NmM0NWRjYmFkNGIxNjAwNWIyYzVlNWU4ZjBkMmE3OWMxZTVlODJkZDp7InZpZXdlZF90b3BpY18xMjAiOnRydWV9','2019-01-30 17:17:34.370466'),('h20i66nwfr8bch73ftg2qfn0g4joyvme','YmFjNzVlN2QyZTg4OGM4ZjgzY2FiYTE1MzNhNDA2YjE0N2ZiY2U3Mjp7InZpZXdlZF90b3BpY18xMTQiOnRydWV9','2019-01-23 17:59:33.159902'),('h8oh900tam5ulfjiopvo46s2xt28vfpc','MDNhYzNhNGViNTNjNDBlMWNmZDI2OWFkNDU5YWU3ZGY1ZTNkOTA0Zjp7InZpZXdlZF90b3BpY18xMjEiOnRydWV9','2019-01-30 12:03:49.065611'),('hl6r0uubxovzj95s8y8v2urkbn81jx9f','YmY5YjgzNGFhMzMwZGU5ZjJmZWIwNmUwNzQxOWE0ZjkzOTI0MzkwNDp7InZpZXdlZF90b3BpY18xMTUiOnRydWV9','2019-01-30 12:24:18.368863'),('hyl60h57god1eq790rk4kz0p3z5zilw5','YmY5YjgzNGFhMzMwZGU5ZjJmZWIwNmUwNzQxOWE0ZjkzOTI0MzkwNDp7InZpZXdlZF90b3BpY18xMTUiOnRydWV9','2019-01-29 18:54:37.037384'),('ibru4lpl99bys9a0xl27m4zk487f5ykm','YmFjNzVlN2QyZTg4OGM4ZjgzY2FiYTE1MzNhNDA2YjE0N2ZiY2U3Mjp7InZpZXdlZF90b3BpY18xMTQiOnRydWV9','2019-01-30 04:47:03.098600'),('ijmzpuwegc1c82opdbf4jn7r7n5mfnft','YmY5YjgzNGFhMzMwZGU5ZjJmZWIwNmUwNzQxOWE0ZjkzOTI0MzkwNDp7InZpZXdlZF90b3BpY18xMTUiOnRydWV9','2019-01-28 08:39:50.573219'),('inguhaw26b6p4dqscwdrdk4pqve51tr1','MjA5OGQyMDQ0ZGNlYjMzMjJmZTNhYzM0OTVhZDk1NmNiZTZlNTdlMjp7InZpZXdlZF90b3BpY18xMTkiOnRydWV9','2019-01-31 00:41:42.468837'),('iz256ta65fpxdtv54fhdrnnt6xcw67ua','MDNhYzNhNGViNTNjNDBlMWNmZDI2OWFkNDU5YWU3ZGY1ZTNkOTA0Zjp7InZpZXdlZF90b3BpY18xMjEiOnRydWV9','2019-02-03 01:40:40.382078'),('j7qeeq7hy22973vjh7dkjbaitmjd6e3k','MDNhYzNhNGViNTNjNDBlMWNmZDI2OWFkNDU5YWU3ZGY1ZTNkOTA0Zjp7InZpZXdlZF90b3BpY18xMjEiOnRydWV9','2019-01-28 08:39:43.071164'),('jdl3d3wilc480dhiomzwjz5179uznxgr','NGIzYTE4YTRlNmJmZDRiZjkxYTY0YmYyMTU5NmMwMTI1OWM3ODE5Yzp7fQ==','2018-12-02 12:16:00.040472'),('jgz9u90wtixfpj4ebqj2cc323gy2a8m8','YmFjNzVlN2QyZTg4OGM4ZjgzY2FiYTE1MzNhNDA2YjE0N2ZiY2U3Mjp7InZpZXdlZF90b3BpY18xMTQiOnRydWV9','2019-01-19 12:49:46.860540'),('jhdk498elehf6kbjofww7hme089qupvq','MDg3ZDEzYTM2ODdlMzhmOGYwNTkyYzM0YzcxZThiOWMyMTIyYTUzMjp7InZpZXdlZF90b3BpY18xMTMiOnRydWV9','2019-01-23 11:48:15.804264'),('kajkgi831m1y8x49uktp9rif9jas8b90','NmM0NWRjYmFkNGIxNjAwNWIyYzVlNWU4ZjBkMmE3OWMxZTVlODJkZDp7InZpZXdlZF90b3BpY18xMjAiOnRydWV9','2019-01-31 11:37:47.438536'),('kqpgnp0ga2308dhykq82gnzi2vi2hyal','MjA5OGQyMDQ0ZGNlYjMzMjJmZTNhYzM0OTVhZDk1NmNiZTZlNTdlMjp7InZpZXdlZF90b3BpY18xMTkiOnRydWV9','2019-01-27 01:18:47.525687'),('l0f1vsunpgl3wefhjxlw9heel0rnyt5i','YmFjNzVlN2QyZTg4OGM4ZjgzY2FiYTE1MzNhNDA2YjE0N2ZiY2U3Mjp7InZpZXdlZF90b3BpY18xMTQiOnRydWV9','2019-01-30 13:19:36.426834'),('la1q5remkcuaj92rovb8ii9xhhobb62p','MDNhYzNhNGViNTNjNDBlMWNmZDI2OWFkNDU5YWU3ZGY1ZTNkOTA0Zjp7InZpZXdlZF90b3BpY18xMjEiOnRydWV9','2019-01-29 23:42:59.833649'),('lf7xinhr3cnooa7stcmznemot9a49l7t','YmY5YjgzNGFhMzMwZGU5ZjJmZWIwNmUwNzQxOWE0ZjkzOTI0MzkwNDp7InZpZXdlZF90b3BpY18xMTUiOnRydWV9','2019-01-30 19:38:32.968721'),('lo9qcwdtozy2x1kfx8mpeqpeh7ddqfa9','YmFjNzVlN2QyZTg4OGM4ZjgzY2FiYTE1MzNhNDA2YjE0N2ZiY2U3Mjp7InZpZXdlZF90b3BpY18xMTQiOnRydWV9','2019-01-31 08:16:26.660969'),('ltbsr8nwggny6ou6fv3at7ikz8g0e3u8','YmFjNzVlN2QyZTg4OGM4ZjgzY2FiYTE1MzNhNDA2YjE0N2ZiY2U3Mjp7InZpZXdlZF90b3BpY18xMTQiOnRydWV9','2019-01-17 01:45:16.912287'),('mdkt1o2gdbobbgf3uhr2uq8f276b9m00','ZjcyMGU2ZjI2MmRmMDJiOTQzYjkwZGJiY2QwMmNhMDNhOTg2Y2QxMTp7Il9hdXRoX3VzZXJfaWQiOiIxIiwiX2F1dGhfdXNlcl9iYWNrZW5kIjoiZGphbmdvLmNvbnRyaWIuYXV0aC5iYWNrZW5kcy5Nb2RlbEJhY2tlbmQiLCJfYXV0aF91c2VyX2hhc2giOiI3NDhiMWNhYzU4MDVjMDZjZWNmMDQzYjQzZjdmYjQ0MjU5Y2I4OWY3In0=','2018-12-04 03:34:35.455486'),('mnbkz73yoglwxl3mkfxwzrd140y3t6qm','MDNhYzNhNGViNTNjNDBlMWNmZDI2OWFkNDU5YWU3ZGY1ZTNkOTA0Zjp7InZpZXdlZF90b3BpY18xMjEiOnRydWV9','2019-01-31 11:37:52.390569'),('mv1z5qspj20yaox3apzrr1p6pr39e9jp','MTA2ZGI5ODYzYWU4YmNmOTAyNGQ4NjM4OGNlYzQyNGFjNjdiMzg3MDp7Il9hdXRoX3VzZXJfaWQiOiIxIiwiX2F1dGhfdXNlcl9iYWNrZW5kIjoiZGphbmdvLmNvbnRyaWIuYXV0aC5iYWNrZW5kcy5Nb2RlbEJhY2tlbmQiLCJfYXV0aF91c2VyX2hhc2giOiIwNzRlYWI4OTczOTU5NzljYjQ3OThhYzk3ZjgzNjU1NjIxMmU0NjBjIn0=','2018-11-26 12:10:07.882936'),('mwejsr5ugszmjfo92x1qofdmx2o6ii2e','YmFjNzVlN2QyZTg4OGM4ZjgzY2FiYTE1MzNhNDA2YjE0N2ZiY2U3Mjp7InZpZXdlZF90b3BpY18xMTQiOnRydWV9','2019-01-21 22:25:42.601407'),('n1kgitiayqw1renb8csn8qdctwr7hr18','NmM0NWRjYmFkNGIxNjAwNWIyYzVlNWU4ZjBkMmE3OWMxZTVlODJkZDp7InZpZXdlZF90b3BpY18xMjAiOnRydWV9','2019-01-29 18:54:29.221796'),('nj7ismvmfs9e4e7j3iq6nzqo3s4ihdqe','YmFjNzVlN2QyZTg4OGM4ZjgzY2FiYTE1MzNhNDA2YjE0N2ZiY2U3Mjp7InZpZXdlZF90b3BpY18xMTQiOnRydWV9','2019-01-22 15:02:22.758670'),('njrtmp9jyk6lw9s2ywcirq74587vppkl','YmY5YjgzNGFhMzMwZGU5ZjJmZWIwNmUwNzQxOWE0ZjkzOTI0MzkwNDp7InZpZXdlZF90b3BpY18xMTUiOnRydWV9','2019-01-28 00:16:11.766451'),('nkfjvvz5er34n8x0ro68oqeqzhy13tkc','YmNlZGJjOWUxYjFlZmI5YWNkMWFjNDcxNzQ5YWRjNDEzODY5YjU4OTp7Il9hdXRoX3VzZXJfaWQiOiI0NSIsIl9hdXRoX3VzZXJfYmFja2VuZCI6ImRqYW5nby5jb250cmliLmF1dGguYmFja2VuZHMuTW9kZWxCYWNrZW5kIiwiX2F1dGhfdXNlcl9oYXNoIjoiYzc4YTFmMzIzZGRmNWQyOTYwOGU3ZjVhMDkzZmI3Yjk1NDRlZjQyNiIsInZpZXdlZF90b3BpY18xMTMiOnRydWUsInZpZXdlZF90b3BpY18xMjAiOnRydWUsInZpZXdlZF90b3BpY18xMTUiOnRydWV9','2019-01-24 02:33:04.678757'),('o25ww70gug1z7oca7kh334n2dxmxuup8','YmY5YjgzNGFhMzMwZGU5ZjJmZWIwNmUwNzQxOWE0ZjkzOTI0MzkwNDp7InZpZXdlZF90b3BpY18xMTUiOnRydWV9','2019-01-31 14:46:15.971302'),('oj70j1mp7l6e0vepcye60owievue762t','MDg3ZDEzYTM2ODdlMzhmOGYwNTkyYzM0YzcxZThiOWMyMTIyYTUzMjp7InZpZXdlZF90b3BpY18xMTMiOnRydWV9','2019-01-18 05:54:10.936669'),('okpn4skai6wfibr4ismc3onuaw191p2d','ZjllZWE1YzRmNTFiZTgxNThlZTY4OWI4YjU4N2NiYzVhYzk4NTVmOTp7Il9hdXRoX3VzZXJfaWQiOiIxIiwiX2F1dGhfdXNlcl9iYWNrZW5kIjoiZGphbmdvLmNvbnRyaWIuYXV0aC5iYWNrZW5kcy5Nb2RlbEJhY2tlbmQiLCJfYXV0aF91c2VyX2hhc2giOiIxNzlmNmQ4MDg3ZjExOTc3NmIzZDNmOTJjZjllMGM4ZTdjYzRkODNiIn0=','2018-12-04 03:41:58.349575'),('oosrclkuvzd8l1m1tlt3pihpzhagboan','MjA5OGQyMDQ0ZGNlYjMzMjJmZTNhYzM0OTVhZDk1NmNiZTZlNTdlMjp7InZpZXdlZF90b3BpY18xMTkiOnRydWV9','2019-01-27 17:22:10.795112'),('oq8ai5ks7xmvgt621unt36h18tnme6c2','ODYwZWY1NTAwMDA1ZDcxN2VmYzQ0ZTY4NTkzNThmNDkzMmQwNGJiZDp7Il9hdXRoX3VzZXJfaWQiOiI0OCIsIl9hdXRoX3VzZXJfYmFja2VuZCI6ImRqYW5nby5jb250cmliLmF1dGguYmFja2VuZHMuTW9kZWxCYWNrZW5kIiwiX2F1dGhfdXNlcl9oYXNoIjoiYWFhMmQzMmMwZGQ5YzBiZjcyMGQ1ZTMzZjkwYmYwNjhmZDQ4ZWZhYSIsInZpZXdlZF90b3BpY18xMjAiOnRydWUsInZpZXdlZF90b3BpY18xMjEiOnRydWV9','2019-01-30 10:33:21.771183'),('oqknldb9hhimukksxz9refsyantty222','YmY5YjgzNGFhMzMwZGU5ZjJmZWIwNmUwNzQxOWE0ZjkzOTI0MzkwNDp7InZpZXdlZF90b3BpY18xMTUiOnRydWV9','2019-01-30 17:21:00.133182'),('othvfjcggm94o5jmxbbff677aq7hxpi9','MjA5OGQyMDQ0ZGNlYjMzMjJmZTNhYzM0OTVhZDk1NmNiZTZlNTdlMjp7InZpZXdlZF90b3BpY18xMTkiOnRydWV9','2019-01-30 14:35:23.793086'),('otoy97c2blhcvtplu133isenxwaeuyuq','MDNhYzNhNGViNTNjNDBlMWNmZDI2OWFkNDU5YWU3ZGY1ZTNkOTA0Zjp7InZpZXdlZF90b3BpY18xMjEiOnRydWV9','2019-01-31 10:14:41.237402'),('p2e36bws0u1std8ob6ecjdba83i2lkqi','NGIzYTE4YTRlNmJmZDRiZjkxYTY0YmYyMTU5NmMwMTI1OWM3ODE5Yzp7fQ==','2018-12-02 12:16:26.946073'),('p5b11jk9jeatadvduyatsxwf4acn6zvf','YmY5YjgzNGFhMzMwZGU5ZjJmZWIwNmUwNzQxOWE0ZjkzOTI0MzkwNDp7InZpZXdlZF90b3BpY18xMTUiOnRydWV9','2019-01-22 13:46:00.845858'),('p6m6k1bk9zfj23xhebk2bt4ly9hnpq2k','MWExYjNlZWRjMjY4OWI5NTUzNTVlZTE2ZDExNzJkZDBjNzQzOGUzYjp7InZpZXdlZF90b3BpY18xMTMiOnRydWUsInZpZXdlZF90b3BpY18xMTkiOnRydWV9','2019-01-25 13:27:42.178048'),('p9p4hm2fxgn2jxor1djtoik4vm5xcpz3','NjhlODZkYzA1OGE5YWU5OWJlYWQyZjg0OTEyMDg4YWYyYzcwMzIzMDp7InZpZXdlZF90b3BpY18xMjAiOnRydWUsIl9hdXRoX3VzZXJfaWQiOiIxIiwiX2F1dGhfdXNlcl9iYWNrZW5kIjoiZGphbmdvLmNvbnRyaWIuYXV0aC5iYWNrZW5kcy5Nb2RlbEJhY2tlbmQiLCJfYXV0aF91c2VyX2hhc2giOiI3MmFlOTdkNmVkYzQ2ZTY2YmYyMzdhZDUzMTU2NmY3NmE2ZjUwN2NmIiwidmlld2VkX3RvcGljXzExOSI6dHJ1ZX0=','2019-01-31 09:02:34.346565'),('pc2l8z7msn9l6dehtnzh0wdwkmokxfyd','MDNhYzNhNGViNTNjNDBlMWNmZDI2OWFkNDU5YWU3ZGY1ZTNkOTA0Zjp7InZpZXdlZF90b3BpY18xMjEiOnRydWV9','2019-01-28 16:19:06.152490'),('pex31w6w08osb4z23hk2elfpc4ly0q31','MDNhYzNhNGViNTNjNDBlMWNmZDI2OWFkNDU5YWU3ZGY1ZTNkOTA0Zjp7InZpZXdlZF90b3BpY18xMjEiOnRydWV9','2019-01-29 18:54:48.732369'),('pjl3a6t8g1ibbl0z8hb858ye8d9liqot','MDg3ZDEzYTM2ODdlMzhmOGYwNTkyYzM0YzcxZThiOWMyMTIyYTUzMjp7InZpZXdlZF90b3BpY18xMTMiOnRydWV9','2019-01-19 12:49:41.422154'),('q2qi9zi92vv79rubdsd2bzm889pc07gi','MDg3ZDEzYTM2ODdlMzhmOGYwNTkyYzM0YzcxZThiOWMyMTIyYTUzMjp7InZpZXdlZF90b3BpY18xMTMiOnRydWV9','2019-01-17 01:44:27.864633'),('qcn0hzhvorwzkm8g7nhxd9ryz4lje9bz','MDg3ZDEzYTM2ODdlMzhmOGYwNTkyYzM0YzcxZThiOWMyMTIyYTUzMjp7InZpZXdlZF90b3BpY18xMTMiOnRydWV9','2019-01-23 01:49:43.827503'),('qrl1pcyc2dfyu84jntg4jmer9eznavhd','MDg3ZDEzYTM2ODdlMzhmOGYwNTkyYzM0YzcxZThiOWMyMTIyYTUzMjp7InZpZXdlZF90b3BpY18xMTMiOnRydWV9','2019-01-28 09:34:53.713671'),('r9um7fvgw3up2jesowgegs9u8fk7rq62','MDg3ZDEzYTM2ODdlMzhmOGYwNTkyYzM0YzcxZThiOWMyMTIyYTUzMjp7InZpZXdlZF90b3BpY18xMTMiOnRydWV9','2019-01-22 09:19:35.621476'),('rcrbg12aqtfh1t3ffwji05ghxbxhkqzv','MTA2ZGI5ODYzYWU4YmNmOTAyNGQ4NjM4OGNlYzQyNGFjNjdiMzg3MDp7Il9hdXRoX3VzZXJfaWQiOiIxIiwiX2F1dGhfdXNlcl9iYWNrZW5kIjoiZGphbmdvLmNvbnRyaWIuYXV0aC5iYWNrZW5kcy5Nb2RlbEJhY2tlbmQiLCJfYXV0aF91c2VyX2hhc2giOiIwNzRlYWI4OTczOTU5NzljYjQ3OThhYzk3ZjgzNjU1NjIxMmU0NjBjIn0=','2018-11-26 08:52:12.061368'),('rinrv3ti92muoxx9san3yj8xccffi33j','MDg3ZDEzYTM2ODdlMzhmOGYwNTkyYzM0YzcxZThiOWMyMTIyYTUzMjp7InZpZXdlZF90b3BpY18xMTMiOnRydWV9','2019-01-22 00:54:53.861408'),('rk75ax5uws8vyzrsdm91jd7igehrptjd','YmY5YjgzNGFhMzMwZGU5ZjJmZWIwNmUwNzQxOWE0ZjkzOTI0MzkwNDp7InZpZXdlZF90b3BpY18xMTUiOnRydWV9','2019-01-21 16:55:30.278187'),('rwiwmtvyec511ch2x1qnbufqauyxbvsh','NmM0NWRjYmFkNGIxNjAwNWIyYzVlNWU4ZjBkMmE3OWMxZTVlODJkZDp7InZpZXdlZF90b3BpY18xMjAiOnRydWV9','2019-01-24 20:30:51.454145'),('s4e5mvlfkrtykyoy75uyo233l52gzasz','MDg3ZDEzYTM2ODdlMzhmOGYwNTkyYzM0YzcxZThiOWMyMTIyYTUzMjp7InZpZXdlZF90b3BpY18xMTMiOnRydWV9','2019-01-28 00:46:23.180842'),('s74aipqkfahdo06ce9lyqhwvgvdpzexn','NmM0NWRjYmFkNGIxNjAwNWIyYzVlNWU4ZjBkMmE3OWMxZTVlODJkZDp7InZpZXdlZF90b3BpY18xMjAiOnRydWV9','2019-01-26 18:11:02.487750'),('s85h9ee6isrkqisk5mlfk4qcezjs1z19','NGIzYTE4YTRlNmJmZDRiZjkxYTY0YmYyMTU5NmMwMTI1OWM3ODE5Yzp7fQ==','2018-12-05 17:07:13.259539'),('sel8yf0yzve77vv9jjgaotng8gz90t8d','MjA5OGQyMDQ0ZGNlYjMzMjJmZTNhYzM0OTVhZDk1NmNiZTZlNTdlMjp7InZpZXdlZF90b3BpY18xMTkiOnRydWV9','2019-01-30 20:24:48.884064'),('slm26qrcy1du08zmulkmji4a6tdoibgj','MzVmZTkzYzI3MmQ1OWE2MjNlNjBjNmZkNGQxOTg5MDRmNDA3OWJjYzp7Il9hdXRoX3VzZXJfaWQiOiIxIiwiX2F1dGhfdXNlcl9iYWNrZW5kIjoiZGphbmdvLmNvbnRyaWIuYXV0aC5iYWNrZW5kcy5Nb2RlbEJhY2tlbmQiLCJfYXV0aF91c2VyX2hhc2giOiIzNmUyN2I0N2NkMzJlMTBhYTNlNmU2YTkzZGZlZTlkYTY1NzE2MTk1In0=','2018-12-04 06:22:54.079696'),('sspy4jl4u09wu3gwlov6ksipora5fm1o','ZTY5ZDY3ODNkYjU5YTA4NTc5ZTQ0OTJiYjIwMDk2OTAzYjE2MTA2MDp7Il9hdXRoX3VzZXJfaWQiOiIxIiwiX2F1dGhfdXNlcl9iYWNrZW5kIjoiZGphbmdvLmNvbnRyaWIuYXV0aC5iYWNrZW5kcy5Nb2RlbEJhY2tlbmQiLCJfYXV0aF91c2VyX2hhc2giOiI3MmFlOTdkNmVkYzQ2ZTY2YmYyMzdhZDUzMTU2NmY3NmE2ZjUwN2NmIn0=','2019-01-27 03:00:02.145653'),('suu4fu0hcywx9742ubaw1spvpe3xwuis','YmFjNzVlN2QyZTg4OGM4ZjgzY2FiYTE1MzNhNDA2YjE0N2ZiY2U3Mjp7InZpZXdlZF90b3BpY18xMTQiOnRydWV9','2019-01-26 10:43:41.838577'),('tc9orx13mctnafonp7qer0y7wk1gnjtz','YmY5YjgzNGFhMzMwZGU5ZjJmZWIwNmUwNzQxOWE0ZjkzOTI0MzkwNDp7InZpZXdlZF90b3BpY18xMTUiOnRydWV9','2019-01-17 01:46:04.864218'),('thgxuf7cxtduwfhj804ukq56y21lco59','MDg3ZDEzYTM2ODdlMzhmOGYwNTkyYzM0YzcxZThiOWMyMTIyYTUzMjp7InZpZXdlZF90b3BpY18xMTMiOnRydWV9','2019-01-28 08:39:35.560058'),('tnjh34ecznuco2m67zlykso3fx6asf8f','NmM0NWRjYmFkNGIxNjAwNWIyYzVlNWU4ZjBkMmE3OWMxZTVlODJkZDp7InZpZXdlZF90b3BpY18xMjAiOnRydWV9','2019-01-29 16:06:14.560940'),('trzu2jpnu1tfi1n3yqms4kbryjgg5re0','MjA5OGQyMDQ0ZGNlYjMzMjJmZTNhYzM0OTVhZDk1NmNiZTZlNTdlMjp7InZpZXdlZF90b3BpY18xMTkiOnRydWV9','2019-01-29 09:58:08.017267'),('u09bd618aq7yev13b3zlsii9np4ekfl3','ZmViYTlmZDg3NDNkYWRlNzNmMmFjNDYxZjI5ZTZhNGE4MDQ2YjI5Zjp7Il9hdXRoX3VzZXJfaWQiOiIxIiwiX2F1dGhfdXNlcl9iYWNrZW5kIjoiZGphbmdvLmNvbnRyaWIuYXV0aC5iYWNrZW5kcy5Nb2RlbEJhY2tlbmQiLCJfYXV0aF91c2VyX2hhc2giOiIzOTcxM2U5OGY5ZDczODQwMzAxZTg2NzFmZWU0Nzc4ZDI0ZjMzYTY4In0=','2018-12-04 03:37:48.126522'),('u1kmcgri8go19ispmk6w60knzyqpmqgl','YjRiYWRmMzk1NDliYzBjYWE5YmUxNDkzNDg0NTllODViMDViZmE1NTp7InZpZXdlZF90b3BpY18xMTgiOnRydWV9','2019-01-22 12:42:42.848255'),('ul11xn7fbff9g2o9bth6vie6imn758eu','NTFmNmEwMjk5NzlhYmQxNzU5ODNlYTIxYzZmZmQwZGZjYTBlNjY2Yjp7Il9hdXRoX3VzZXJfaWQiOiIxIiwiX2F1dGhfdXNlcl9iYWNrZW5kIjoiZGphbmdvLmNvbnRyaWIuYXV0aC5iYWNrZW5kcy5Nb2RlbEJhY2tlbmQiLCJfYXV0aF91c2VyX2hhc2giOiIxNDE4NzllOWRhMWNkNjkwYzkwNTQ0NTc5ZmI2N2NhZGNiOWY2MTQ2In0=','2018-12-07 11:28:38.331615'),('v3xcwqa17rel82tdvdfnwwd93v0hvm8c','MDNhYzNhNGViNTNjNDBlMWNmZDI2OWFkNDU5YWU3ZGY1ZTNkOTA0Zjp7InZpZXdlZF90b3BpY18xMjEiOnRydWV9','2019-01-30 20:26:19.063923'),('v5bkvn8nxdmrhyhcik47atynm0gk0vur','YmFjNzVlN2QyZTg4OGM4ZjgzY2FiYTE1MzNhNDA2YjE0N2ZiY2U3Mjp7InZpZXdlZF90b3BpY18xMTQiOnRydWV9','2019-01-18 09:52:44.658545'),('v7i2rf6r7i269toa6t6u7pbhk8k07ctl','MDg3ZDEzYTM2ODdlMzhmOGYwNTkyYzM0YzcxZThiOWMyMTIyYTUzMjp7InZpZXdlZF90b3BpY18xMTMiOnRydWV9','2019-01-18 10:07:19.919390'),('vbv5bf5komdwmdptzmig13jj3ro9yv00','YmY5YjgzNGFhMzMwZGU5ZjJmZWIwNmUwNzQxOWE0ZjkzOTI0MzkwNDp7InZpZXdlZF90b3BpY18xMTUiOnRydWV9','2019-01-23 12:20:58.485422'),('vsppsq74eqe5xcxe3dte8md4nmolcp74','OGNlYWRmMWJkODI3NmRkODI0M2UxMGJkN2EyNjdjNDc5ZDU1NjlhYTp7Il9hdXRoX3VzZXJfaWQiOiI0OCIsIl9hdXRoX3VzZXJfYmFja2VuZCI6ImRqYW5nby5jb250cmliLmF1dGguYmFja2VuZHMuTW9kZWxCYWNrZW5kIiwiX2F1dGhfdXNlcl9oYXNoIjoiYWFhMmQzMmMwZGQ5YzBiZjcyMGQ1ZTMzZjkwYmYwNjhmZDQ4ZWZhYSJ9','2019-01-30 10:27:16.989309'),('vvv5lvd5ryy2qw3dgp2rdxmahy1ye3yn','MjA5OGQyMDQ0ZGNlYjMzMjJmZTNhYzM0OTVhZDk1NmNiZTZlNTdlMjp7InZpZXdlZF90b3BpY18xMTkiOnRydWV9','2019-01-29 18:54:33.136900'),('wkzkv37bmpq5eg2dmdrryd6w4rmilt72','YmY5YjgzNGFhMzMwZGU5ZjJmZWIwNmUwNzQxOWE0ZjkzOTI0MzkwNDp7InZpZXdlZF90b3BpY18xMTUiOnRydWV9','2019-01-30 09:37:00.027498'),('wp5o9h732d2eqe96crurcuueufxaq7bp','NmM0NWRjYmFkNGIxNjAwNWIyYzVlNWU4ZjBkMmE3OWMxZTVlODJkZDp7InZpZXdlZF90b3BpY18xMjAiOnRydWV9','2019-01-29 14:12:38.704604'),('wtnyscgjwk8vqw1fqiwtdbwq4ig1u5fm','MDNhYzNhNGViNTNjNDBlMWNmZDI2OWFkNDU5YWU3ZGY1ZTNkOTA0Zjp7InZpZXdlZF90b3BpY18xMjEiOnRydWV9','2019-01-31 14:42:24.139318'),('x3y0775y9w9jhmi8e7nvuwib2kca8s39','NmM0NWRjYmFkNGIxNjAwNWIyYzVlNWU4ZjBkMmE3OWMxZTVlODJkZDp7InZpZXdlZF90b3BpY18xMjAiOnRydWV9','2019-01-30 10:48:01.661816'),('x6q0cgc9i88czn51qoublovg0j8vlgmt','MDNhYzNhNGViNTNjNDBlMWNmZDI2OWFkNDU5YWU3ZGY1ZTNkOTA0Zjp7InZpZXdlZF90b3BpY18xMjEiOnRydWV9','2019-01-26 18:11:33.062733'),('xaup4dz8hrt8egwdilfkpzmd62ks5526','MjA5OGQyMDQ0ZGNlYjMzMjJmZTNhYzM0OTVhZDk1NmNiZTZlNTdlMjp7InZpZXdlZF90b3BpY18xMTkiOnRydWV9','2019-01-28 10:58:56.222387'),('xecz1y7ja76y1x9evfoan240v4jh3fh0','MTA2ZGI5ODYzYWU4YmNmOTAyNGQ4NjM4OGNlYzQyNGFjNjdiMzg3MDp7Il9hdXRoX3VzZXJfaWQiOiIxIiwiX2F1dGhfdXNlcl9iYWNrZW5kIjoiZGphbmdvLmNvbnRyaWIuYXV0aC5iYWNrZW5kcy5Nb2RlbEJhY2tlbmQiLCJfYXV0aF91c2VyX2hhc2giOiIwNzRlYWI4OTczOTU5NzljYjQ3OThhYzk3ZjgzNjU1NjIxMmU0NjBjIn0=','2018-12-01 10:40:55.291791'),('xkhuvqslsl2707xby31tvjpusngjh8nk','YmFjNzVlN2QyZTg4OGM4ZjgzY2FiYTE1MzNhNDA2YjE0N2ZiY2U3Mjp7InZpZXdlZF90b3BpY18xMTQiOnRydWV9','2019-01-21 01:30:52.616372'),('y8zjn493vg1ko0l8hb74ucedq9pvpycm','MDg3ZDEzYTM2ODdlMzhmOGYwNTkyYzM0YzcxZThiOWMyMTIyYTUzMjp7InZpZXdlZF90b3BpY18xMTMiOnRydWV9','2019-01-31 11:37:44.863248'),('yk3txpqsmc4smtsy43izgxe2km8pef8x','NGIzYTE4YTRlNmJmZDRiZjkxYTY0YmYyMTU5NmMwMTI1OWM3ODE5Yzp7fQ==','2018-12-02 12:17:08.770924'),('yv879d723ggikfuagz2ndfu1frqcz7un','MjA5OGQyMDQ0ZGNlYjMzMjJmZTNhYzM0OTVhZDk1NmNiZTZlNTdlMjp7InZpZXdlZF90b3BpY18xMTkiOnRydWV9','2019-01-24 20:50:52.715696'),('z3dzrqsnu1sc1tmyjluyj80tkm4leixk','MDg3ZDEzYTM2ODdlMzhmOGYwNTkyYzM0YzcxZThiOWMyMTIyYTUzMjp7InZpZXdlZF90b3BpY18xMTMiOnRydWV9','2019-02-01 05:04:26.048199'),('zoyqdcrwtvjgslqjskyodirw6ntwrcjo','NGIzYTE4YTRlNmJmZDRiZjkxYTY0YmYyMTU5NmMwMTI1OWM3ODE5Yzp7fQ==','2018-12-05 16:24:37.931600'),('zzjz24ot79z0isad3dq0xybgevdew3d1','MjA5OGQyMDQ0ZGNlYjMzMjJmZTNhYzM0OTVhZDk1NmNiZTZlNTdlMjp7InZpZXdlZF90b3BpY18xMTkiOnRydWV9','2019-01-30 13:38:31.888260');
/*!40000 ALTER TABLE `django_session` ENABLE KEYS */;
UNLOCK TABLES;

--
-- Table structure for table `easy_thumbnails_source`
--

DROP TABLE IF EXISTS `easy_thumbnails_source`;
/*!40101 SET @saved_cs_client     = @@character_set_client */;
/*!40101 SET character_set_client = utf8 */;
CREATE TABLE `easy_thumbnails_source` (
  `id` int(11) NOT NULL AUTO_INCREMENT,
  `storage_hash` varchar(40) NOT NULL,
  `name` varchar(255) NOT NULL,
  `modified` datetime(6) NOT NULL,
  PRIMARY KEY (`id`),
  UNIQUE KEY `easy_thumbnails_source_storage_hash_name_481ce32d_uniq` (`storage_hash`,`name`),
  KEY `easy_thumbnails_source_storage_hash_946cbcc9` (`storage_hash`),
  KEY `easy_thumbnails_source_name_5fe0edc6` (`name`)
) ENGINE=InnoDB DEFAULT CHARSET=utf8;
/*!40101 SET character_set_client = @saved_cs_client */;

--
-- Dumping data for table `easy_thumbnails_source`
--

LOCK TABLES `easy_thumbnails_source` WRITE;
/*!40000 ALTER TABLE `easy_thumbnails_source` DISABLE KEYS */;
/*!40000 ALTER TABLE `easy_thumbnails_source` ENABLE KEYS */;
UNLOCK TABLES;

--
-- Table structure for table `easy_thumbnails_thumbnail`
--

DROP TABLE IF EXISTS `easy_thumbnails_thumbnail`;
/*!40101 SET @saved_cs_client     = @@character_set_client */;
/*!40101 SET character_set_client = utf8 */;
CREATE TABLE `easy_thumbnails_thumbnail` (
  `id` int(11) NOT NULL AUTO_INCREMENT,
  `storage_hash` varchar(40) NOT NULL,
  `name` varchar(255) NOT NULL,
  `modified` datetime(6) NOT NULL,
  `source_id` int(11) NOT NULL,
  PRIMARY KEY (`id`),
  UNIQUE KEY `easy_thumbnails_thumbnai_storage_hash_name_source_fb375270_uniq` (`storage_hash`,`name`,`source_id`),
  KEY `easy_thumbnails_thum_source_id_5b57bc77_fk_easy_thum` (`source_id`),
  KEY `easy_thumbnails_thumbnail_storage_hash_f1435f49` (`storage_hash`),
  KEY `easy_thumbnails_thumbnail_name_b5882c31` (`name`),
  CONSTRAINT `easy_thumbnails_thum_source_id_5b57bc77_fk_easy_thum` FOREIGN KEY (`source_id`) REFERENCES `easy_thumbnails_source` (`id`)
) ENGINE=InnoDB DEFAULT CHARSET=utf8;
/*!40101 SET character_set_client = @saved_cs_client */;

--
-- Dumping data for table `easy_thumbnails_thumbnail`
--

LOCK TABLES `easy_thumbnails_thumbnail` WRITE;
/*!40000 ALTER TABLE `easy_thumbnails_thumbnail` DISABLE KEYS */;
/*!40000 ALTER TABLE `easy_thumbnails_thumbnail` ENABLE KEYS */;
UNLOCK TABLES;

--
-- Table structure for table `easy_thumbnails_thumbnaildimensions`
--

DROP TABLE IF EXISTS `easy_thumbnails_thumbnaildimensions`;
/*!40101 SET @saved_cs_client     = @@character_set_client */;
/*!40101 SET character_set_client = utf8 */;
CREATE TABLE `easy_thumbnails_thumbnaildimensions` (
  `id` int(11) NOT NULL AUTO_INCREMENT,
  `thumbnail_id` int(11) NOT NULL,
  `width` int(10) unsigned DEFAULT NULL,
  `height` int(10) unsigned DEFAULT NULL,
  PRIMARY KEY (`id`),
  UNIQUE KEY `thumbnail_id` (`thumbnail_id`),
  CONSTRAINT `easy_thumbnails_thum_thumbnail_id_c3a0c549_fk_easy_thum` FOREIGN KEY (`thumbnail_id`) REFERENCES `easy_thumbnails_thumbnail` (`id`)
) ENGINE=InnoDB DEFAULT CHARSET=utf8;
/*!40101 SET character_set_client = @saved_cs_client */;

--
-- Dumping data for table `easy_thumbnails_thumbnaildimensions`
--

LOCK TABLES `easy_thumbnails_thumbnaildimensions` WRITE;
/*!40000 ALTER TABLE `easy_thumbnails_thumbnaildimensions` DISABLE KEYS */;
/*!40000 ALTER TABLE `easy_thumbnails_thumbnaildimensions` ENABLE KEYS */;
UNLOCK TABLES;

--
-- Table structure for table `intro_intro`
--

DROP TABLE IF EXISTS `intro_intro`;
/*!40101 SET @saved_cs_client     = @@character_set_client */;
/*!40101 SET character_set_client = utf8 */;
CREATE TABLE `intro_intro` (
  `id` int(11) NOT NULL AUTO_INCREMENT,
  `title` varchar(50) NOT NULL,
  `image` varchar(100) NOT NULL,
  `content` longtext NOT NULL,
  `character` varchar(100) NOT NULL,
  PRIMARY KEY (`id`)
) ENGINE=InnoDB AUTO_INCREMENT=4 DEFAULT CHARSET=utf8;
/*!40101 SET character_set_client = @saved_cs_client */;

--
-- Dumping data for table `intro_intro`
--

LOCK TABLES `intro_intro` WRITE;
/*!40000 ALTER TABLE `intro_intro` DISABLE KEYS */;
INSERT INTO `intro_intro` VALUES (1,'미메이커 코딩보드','content_image/창의제작_grUMlry.png','· 직관적인 디자인\r\n· 간편한 모듈연결 및 조립\r\n· 오픈소스 기반의 뛰어난 확장성\r\n· 자신만의 제품을 완성할 수 있는 다양한 프로젝트 키트 상품','character_image/케릭터_곰_FOZvEyi.png'),(2,'교육 영상 콘텐츠','content_image/영상강의_YQW0V9e.png','· 애니메이션을 비롯한 다양한 교육 영상 콘텐츠로 쉽고, 재미있는 코딩 교육\r\n· 코딩 제작 과정과 만들기 제작 과정을 상세히 묘사한 영상 콘텐츠\r\n· 현직 교사 및 전문가의 검토를 완료한 검증된 교육 콘텐츠','character_image/케릭터_토끼_Qwf4lLb.png'),(3,'코딩 교육 교재','content_image/교재및교안_UY8yqH0.png','· 교육부 지침을 반영한 코딩 교재\r\n· 현직 교사의 검증을 받은 학습 구성 및 내용\r\n· 다양한 예제를 통학 학습내용 확인\r\n· 국내 최대 코딩 교육 플랫폼 엔트리 적용 교재 \r\n· 교사를 위한 교육 지도서 제공(별도문의)','character_image/케릭터_돼지_ce5NT4u.png');
/*!40000 ALTER TABLE `intro_intro` ENABLE KEYS */;
UNLOCK TABLES;

--
-- Table structure for table `polls_choice`
--

DROP TABLE IF EXISTS `polls_choice`;
/*!40101 SET @saved_cs_client     = @@character_set_client */;
/*!40101 SET character_set_client = utf8 */;
CREATE TABLE `polls_choice` (
  `id` int(11) NOT NULL AUTO_INCREMENT,
  `choice_text` varchar(200) NOT NULL,
  `votes` int(11) NOT NULL,
  `question_id` int(11) NOT NULL,
  PRIMARY KEY (`id`),
  KEY `polls_choice_question_id_c5b4b260_fk_polls_question_id` (`question_id`),
  CONSTRAINT `polls_choice_question_id_c5b4b260_fk_polls_question_id` FOREIGN KEY (`question_id`) REFERENCES `polls_question` (`id`)
) ENGINE=InnoDB AUTO_INCREMENT=4 DEFAULT CHARSET=utf8;
/*!40101 SET character_set_client = @saved_cs_client */;

--
-- Dumping data for table `polls_choice`
--

LOCK TABLES `polls_choice` WRITE;
/*!40000 ALTER TABLE `polls_choice` DISABLE KEYS */;
INSERT INTO `polls_choice` VALUES (1,'이기호',0,1),(2,'저기호',0,1),(3,'박기호',0,1);
/*!40000 ALTER TABLE `polls_choice` ENABLE KEYS */;
UNLOCK TABLES;

--
-- Table structure for table `polls_question`
--

DROP TABLE IF EXISTS `polls_question`;
/*!40101 SET @saved_cs_client     = @@character_set_client */;
/*!40101 SET character_set_client = utf8 */;
CREATE TABLE `polls_question` (
  `id` int(11) NOT NULL AUTO_INCREMENT,
  `question_text` varchar(200) NOT NULL,
  `pub_date` datetime(6) NOT NULL,
  PRIMARY KEY (`id`)
) ENGINE=InnoDB AUTO_INCREMENT=2 DEFAULT CHARSET=utf8;
/*!40101 SET character_set_client = @saved_cs_client */;

--
-- Dumping data for table `polls_question`
--

LOCK TABLES `polls_question` WRITE;
/*!40000 ALTER TABLE `polls_question` DISABLE KEYS */;
INSERT INTO `polls_question` VALUES (1,'이름은?','2018-11-18 03:55:27.000000');
/*!40000 ALTER TABLE `polls_question` ENABLE KEYS */;
UNLOCK TABLES;

--
-- Table structure for table `products_appraisal`
--

DROP TABLE IF EXISTS `products_appraisal`;
/*!40101 SET @saved_cs_client     = @@character_set_client */;
/*!40101 SET character_set_client = utf8 */;
CREATE TABLE `products_appraisal` (
  `id` int(11) NOT NULL AUTO_INCREMENT,
  `rate` int(11) NOT NULL,
  `message` longtext NOT NULL,
  `created_at` datetime(6) NOT NULL,
  `updated_at` datetime(6) NOT NULL,
  `content_id` int(11) NOT NULL,
  `user_id` int(11) NOT NULL,
  PRIMARY KEY (`id`),
  KEY `products_appraisal_content_id_63ec4ee5_fk_products_content_id` (`content_id`),
  KEY `products_appraisal_user_id_34ab646e_fk_auth_user_id` (`user_id`),
  CONSTRAINT `products_appraisal_content_id_63ec4ee5_fk_products_content_id` FOREIGN KEY (`content_id`) REFERENCES `products_content` (`id`),
  CONSTRAINT `products_appraisal_user_id_34ab646e_fk_auth_user_id` FOREIGN KEY (`user_id`) REFERENCES `auth_user` (`id`)
) ENGINE=InnoDB AUTO_INCREMENT=3 DEFAULT CHARSET=utf8;
/*!40101 SET character_set_client = @saved_cs_client */;

--
-- Dumping data for table `products_appraisal`
--

LOCK TABLES `products_appraisal` WRITE;
/*!40000 ALTER TABLE `products_appraisal` DISABLE KEYS */;
/*!40000 ALTER TABLE `products_appraisal` ENABLE KEYS */;
UNLOCK TABLES;

--
-- Table structure for table `products_category`
--

DROP TABLE IF EXISTS `products_category`;
/*!40101 SET @saved_cs_client     = @@character_set_client */;
/*!40101 SET character_set_client = utf8 */;
CREATE TABLE `products_category` (
  `id` int(11) NOT NULL AUTO_INCREMENT,
  `title` varchar(200) NOT NULL,
  `description` varchar(100) DEFAULT NULL,
  `section` varchar(200) NOT NULL,
  `slug` varchar(200) NOT NULL,
  PRIMARY KEY (`id`),
  UNIQUE KEY `products_category_slug_c558efae_uniq` (`slug`),
  KEY `products_category_section_93e53202` (`section`),
  KEY `products_category_title_3e22be6c` (`title`)
) ENGINE=InnoDB AUTO_INCREMENT=8 DEFAULT CHARSET=utf8;
/*!40101 SET character_set_client = @saved_cs_client */;

--
-- Dumping data for table `products_category`
--

LOCK TABLES `products_category` WRITE;
/*!40000 ALTER TABLE `products_category` DISABLE KEYS */;
INSERT INTO `products_category` VALUES (1,'교재','미메이커에서 활용하는 다양한 교재 및 책자','상품','교재'),(2,'언플러그드','언플러그드를 이용한 코딩 논리 학습','상품','언플러그드'),(3,'조립키트','미메이커에서 판매하는 다양한 조립키트','상품','조립키트'),(4,'코딩보드','미메이커 교육을 받을 수 있는 전용 보드','상품','코딩보드'),(5,'엔트리','엔트리를 활용한 블록코딩 및 로봇코딩 강좌','강좌','엔트리'),(6,'스크래치','스래치를 활용한 블록코딩 및 로봇코딩 강좌','강좌','스크래치'),(7,'메이커','3D 모델링과 3D 프린팅을 활용한 로봇코딩 프로젝트 강좌','강좌','메이커');
/*!40000 ALTER TABLE `products_category` ENABLE KEYS */;
UNLOCK TABLES;

--
-- Table structure for table `products_content`
--

DROP TABLE IF EXISTS `products_content`;
/*!40101 SET @saved_cs_client     = @@character_set_client */;
/*!40101 SET character_set_client = utf8 */;
CREATE TABLE `products_content` (
  `id` int(11) NOT NULL AUTO_INCREMENT,
  `title` varchar(200) NOT NULL,
  `added` datetime(6) NOT NULL,
  `updated` datetime(6) NOT NULL,
  `description` varchar(300) DEFAULT NULL,
  `cost` int(11) DEFAULT NULL,
  `discount` int(11) DEFAULT NULL,
  `isSale` tinyint(1) DEFAULT NULL,
  `sample` varchar(200) DEFAULT NULL,
  `isShow` tinyint(1) DEFAULT NULL,
  `isDiscount` tinyint(1) DEFAULT NULL,
  `recommend` int(11) DEFAULT NULL,
  `category_id` int(11) NOT NULL,
  `slug` varchar(200) NOT NULL,
  PRIMARY KEY (`id`),
  UNIQUE KEY `products_content_slug_fc5ebc30_uniq` (`slug`),
  KEY `products_content_category_id_d2f6e625_fk_products_category_id` (`category_id`),
  KEY `products_content_title_b7b3aa18` (`title`),
  KEY `products_content_id_slug_8d6c983b_idx` (`id`,`slug`),
  CONSTRAINT `products_content_category_id_d2f6e625_fk_products_category_id` FOREIGN KEY (`category_id`) REFERENCES `products_category` (`id`)
) ENGINE=InnoDB AUTO_INCREMENT=16 DEFAULT CHARSET=utf8;
/*!40101 SET character_set_client = @saved_cs_client */;

--
-- Dumping data for table `products_content`
--

LOCK TABLES `products_content` WRITE;
/*!40000 ALTER TABLE `products_content` DISABLE KEYS */;
INSERT INTO `products_content` VALUES (1,'엔트리 이론','2019-01-01 17:02:22.090999','2019-01-18 06:29:00.559039','엔트리를 활용하기 위한 가장 기본적인 내용을 설명하고 있습니다. 오브젝트, 블록조립소 등 생소한 개념을 익혀보세요.',0,0,1,'https://www.youtube.com/embed/MgdWk7EWRL4?list=PLjOE0xVFFMJwGa6VejoBOj21MuxyM_Rft',1,0,1,5,'엔트리-이론'),(2,'SW코딩의 이해','2019-01-01 19:05:39.413047','2019-01-18 06:29:00.549576','본 도서는 초등학교 실과시간에 도입되는 코딩교육에 완벽한 대비를 할 수 있도록 다양한 전문가와 교사의 검토를 마친 교육 도서로서 학생들에게 코딩에 대한 배경지식과 기초적인 코딩에 이해를 도울 수 있는 다양한 내용을 수록하고 있습니다.',12000,11000,1,NULL,1,1,NULL,1,'sw코딩의-이해'),(3,'미메이커 코딩보드','2019-01-02 08:43:48.075311','2019-01-18 06:29:00.550962','코딩을 쉽게 배울 수 있는 코딩 보드 \"미메이커 코딩보드\" 피지컬 컴퓨팅, 로봇 코딩 등 다양한 만들기 기반의 코딩 교육용 보드로 코딩 교육과 창의력 두 마리의 토끼를 모두 잡으세요!',120000,110000,1,'https://www.youtube.com/embed/cB3VoyYMTFI',1,1,2,4,'미메이커-코딩보드'),(4,'거리측정기 만들기 키트','2019-01-02 16:41:00.134651','2019-01-18 06:29:00.552345','미메이커 코딩보드를 활용한 거리 측정기 만들기 프로젝트 키트입니다. 엔트리 및 스크래치 등을 활용하여 스마트 거리측정기 게임과 함께 활용하는 거리 측정기 실물을 만들 수 있습니다.',8000,0,1,'https://www.youtube.com/embed/eETOmATyLXE',1,0,NULL,3,'거리측정기-만들기-키트'),(5,'조이스틱 만들기 키트','2019-01-11 08:42:24.408919','2019-01-18 06:29:00.553701','미메이커 코딩보드의 조이스틱 모듈과 버튼을 활용한 나만의 조이스틱 만들기 프로젝트 조이스틱도 만들고 게임도 즐겨보세요!',8000,0,1,NULL,1,0,NULL,3,'조이스틱-만들기-키트'),(6,'스마트 스탠드 만들기 키트','2019-01-11 11:47:39.780692','2019-01-18 06:29:00.555023','스마트 스탠드는 미메이커 코딩보드의 조도센서와 LED를 활용한 프로젝트 키트입니다. 스마트 스탠드를 만들고 실제 생활에 활용해보세요!',8000,0,1,'https://www.youtube.com/embed/eETOmATyLXE',1,0,NULL,3,'스마트-스탠드-만들기-키트'),(7,'악어 복불복 게임 만들기 키트','2019-01-11 12:17:09.946237','2019-01-18 06:29:00.556380','악어 복불복 게임 만들기 키트를 이용하여 오늘의 행운아가 누구인지 게임을 해보세요! 서보모터와 터치 센서를 이용한 중급 수준의 프로젝트 입니다.',10000,0,1,'https://www.youtube.com/embed/2ohmOOXNx-k',1,0,2,3,'악어-복불복-게임-만들기-키트'),(8,'스마트 주차장 조립 키트','2019-01-11 12:41:55.498745','2019-01-18 06:29:00.557754','장난감 자동차만 가지고 놀았다면, 이제 나만의 장난감 주차장을 만들어보세요. 주차의 상태를 구분할 수 있는 스마트 주차장을 만들고 코딩 해보세요.,',8000,0,1,NULL,1,0,NULL,3,'스마트-주차장-조립-키트'),(9,'주차장 차단기 만들기 키트','2019-01-12 09:59:00.859065','2019-01-18 06:29:00.543997','부모님과 함께 자동차로 아파트나 쇼핑센터로 가본 적이 있을 겁니다. 주차장으로 들아갈 때 우리는 주차장 차단기를 지나치게 되죠. 이제 나만의 주차장 차단기를 만들어서 그 작동 원리를 이해해보고 블록 코드도 만들어보세요!',8000,0,1,NULL,1,0,NULL,3,'주차장-차단기-만들기-키트'),(10,'초시계 만들기 키트','2019-01-12 10:34:50.473665','2019-01-18 06:29:00.545405','친구들과 같이 초시계를 만들고 코딩하여 달리기나 게임을 할 때 측정해봐요! 핸드폰이나 스탑워치를 사용하는 대신 내가 만들고 코딩한 초시계를 한번 사용해보세요!',8000,0,1,NULL,1,0,NULL,3,'초시계-만들기-키트'),(11,'꽃 무드등 만들기 키트','2019-01-12 10:52:07.220309','2019-01-18 06:29:00.546853','집에서 간단하게 사용할 수 있는 꽃 무드등을 직접 만들고 코딩도 해보세요. 자기 전에 내 머리맡에 있는 무등을 보면 내심 뿌듯해 집니다!',5000,0,1,NULL,1,0,1,3,'꽃-무드등-만들기-키트'),(12,'로봇 코딩의 이해','2019-01-12 11:24:15.387931','2019-01-18 06:29:00.548220','로봇코딩은 미메이커로 시작하세요! 엔트리의 블록코딩과 다양한 키트를 접목한 메이커 코딩 교육으로 자녀와 학생의 창의력과 컴퓨팅적 사고력을 키워주세요.',12000,11000,1,NULL,1,1,2,1,'로봇-코딩의-이해'),(13,'엔트리 기초 및 예제','2019-01-14 01:41:27.002145','2019-01-18 06:29:00.560373','엔트리에서 제공하는 기초 내용과 예제를 함께 학습하면서 엔트리를 배우실 수 있습니다.',0,0,1,'https://www.youtube.com/embed/t4GOzErjRrU?list=PLjOE0xVFFMJwjCnhc3sC0IWpizLcT7eqF',1,0,2,5,'엔트리-기초-및-예제'),(14,'틴커캐드(Tinkercad)로 배우는 3D 모델링 기초','2019-01-14 08:12:51.641320','2019-01-18 06:29:00.561714','3D 프린팅 설정에 관한 기초적인 내용을 학습하고,  틴커캐드 모델링을 학습하여 자신만의 디자인으로 3D 모델링 해보세요.',0,0,1,NULL,1,0,1,7,'틴커캐드tinkercad로-배우는-3d-모델링-기초'),(15,'초등학교 엔트리 코딩(초등 실과)','2019-01-15 11:17:33.037222','2019-01-18 06:29:00.563097','2019년 초등학교 코딩 의무교육 시행으로 다양한 코딩 관련 교육에 필요한 사항이 늘어나고 있습니다. 미메이커에서는 무료로 학습할 수 있는 초등학교 코딩 과정을 영상강좌로 제공하기로 하였습니다. 코딩교육에 도움이 되시길 바랍니다!',0,0,1,NULL,1,0,2,5,'초등학교-엔트리-코딩초등-실과');
/*!40000 ALTER TABLE `products_content` ENABLE KEYS */;
UNLOCK TABLES;

--
-- Table structure for table `products_content_file`
--

DROP TABLE IF EXISTS `products_content_file`;
/*!40101 SET @saved_cs_client     = @@character_set_client */;
/*!40101 SET character_set_client = utf8 */;
CREATE TABLE `products_content_file` (
  `id` int(11) NOT NULL AUTO_INCREMENT,
  `content_id` int(11) NOT NULL,
  `file_id` int(11) NOT NULL,
  PRIMARY KEY (`id`),
  UNIQUE KEY `products_content_file_content_id_file_id_abafefdc_uniq` (`content_id`,`file_id`),
  KEY `products_content_file_file_id_6f202341_fk_products_file_id` (`file_id`),
  CONSTRAINT `products_content_file_content_id_e3d8c7a2_fk_products_content_id` FOREIGN KEY (`content_id`) REFERENCES `products_content` (`id`),
  CONSTRAINT `products_content_file_file_id_6f202341_fk_products_file_id` FOREIGN KEY (`file_id`) REFERENCES `products_file` (`id`)
) ENGINE=InnoDB AUTO_INCREMENT=26 DEFAULT CHARSET=utf8;
/*!40101 SET character_set_client = @saved_cs_client */;

--
-- Dumping data for table `products_content_file`
--

LOCK TABLES `products_content_file` WRITE;
/*!40000 ALTER TABLE `products_content_file` DISABLE KEYS */;
INSERT INTO `products_content_file` VALUES (5,3,5),(25,3,25),(1,4,3),(2,4,4),(7,5,6),(8,5,7),(6,5,8),(9,6,9),(10,6,10),(11,6,11),(12,6,12),(13,7,1),(14,7,2),(15,7,13),(16,8,14),(17,8,15),(18,9,16),(19,10,17),(20,11,18),(22,13,21),(23,13,22),(24,13,23),(21,13,24);
/*!40000 ALTER TABLE `products_content_file` ENABLE KEYS */;
UNLOCK TABLES;

--
-- Table structure for table `products_content_image`
--

DROP TABLE IF EXISTS `products_content_image`;
/*!40101 SET @saved_cs_client     = @@character_set_client */;
/*!40101 SET character_set_client = utf8 */;
CREATE TABLE `products_content_image` (
  `id` int(11) NOT NULL AUTO_INCREMENT,
  `content_id` int(11) NOT NULL,
  `image_id` int(11) NOT NULL,
  PRIMARY KEY (`id`),
  UNIQUE KEY `products_content_image_content_id_image_id_a97a3cd2_uniq` (`content_id`,`image_id`),
  KEY `products_content_image_image_id_3cac61cd_fk_products_image_id` (`image_id`),
  CONSTRAINT `products_content_ima_content_id_12098195_fk_products_` FOREIGN KEY (`content_id`) REFERENCES `products_content` (`id`),
  CONSTRAINT `products_content_image_image_id_3cac61cd_fk_products_image_id` FOREIGN KEY (`image_id`) REFERENCES `products_image` (`id`)
) ENGINE=InnoDB AUTO_INCREMENT=45 DEFAULT CHARSET=utf8;
/*!40101 SET character_set_client = @saved_cs_client */;

--
-- Dumping data for table `products_content_image`
--

LOCK TABLES `products_content_image` WRITE;
/*!40000 ALTER TABLE `products_content_image` DISABLE KEYS */;
INSERT INTO `products_content_image` VALUES (3,1,4),(4,1,5),(5,1,6),(8,2,7),(6,2,8),(7,2,9),(9,3,10),(10,3,11),(11,4,18),(12,4,19),(13,4,20),(14,5,2),(15,5,3),(16,6,45),(17,6,46),(18,6,47),(19,7,32),(20,7,33),(21,7,34),(23,8,38),(24,8,39),(22,8,40),(25,9,50),(26,9,51),(27,9,52),(28,10,12),(29,10,13),(30,10,14),(31,11,27),(32,11,28),(33,11,29),(37,12,55),(34,12,57),(35,12,61),(36,12,62),(39,13,63),(38,13,64),(40,14,65),(41,14,66),(42,14,67),(43,15,68),(44,15,69);
/*!40000 ALTER TABLE `products_content_image` ENABLE KEYS */;
UNLOCK TABLES;

--
-- Table structure for table `products_content_related_content`
--

DROP TABLE IF EXISTS `products_content_related_content`;
/*!40101 SET @saved_cs_client     = @@character_set_client */;
/*!40101 SET character_set_client = utf8 */;
CREATE TABLE `products_content_related_content` (
  `id` int(11) NOT NULL AUTO_INCREMENT,
  `from_content_id` int(11) NOT NULL,
  `to_content_id` int(11) NOT NULL,
  PRIMARY KEY (`id`),
  UNIQUE KEY `products_content_related_from_content_id_to_conte_96a765c3_uniq` (`from_content_id`,`to_content_id`),
  KEY `products_content_rel_to_content_id_80960158_fk_products_` (`to_content_id`),
  CONSTRAINT `products_content_rel_from_content_id_b5f8d3d9_fk_products_` FOREIGN KEY (`from_content_id`) REFERENCES `products_content` (`id`),
  CONSTRAINT `products_content_rel_to_content_id_80960158_fk_products_` FOREIGN KEY (`to_content_id`) REFERENCES `products_content` (`id`)
) ENGINE=InnoDB AUTO_INCREMENT=3 DEFAULT CHARSET=utf8;
/*!40101 SET character_set_client = @saved_cs_client */;

--
-- Dumping data for table `products_content_related_content`
--

LOCK TABLES `products_content_related_content` WRITE;
/*!40000 ALTER TABLE `products_content_related_content` DISABLE KEYS */;
INSERT INTO `products_content_related_content` VALUES (1,3,1),(2,15,2);
/*!40000 ALTER TABLE `products_content_related_content` ENABLE KEYS */;
UNLOCK TABLES;

--
-- Table structure for table `products_file`
--

DROP TABLE IF EXISTS `products_file`;
/*!40101 SET @saved_cs_client     = @@character_set_client */;
/*!40101 SET character_set_client = utf8 */;
CREATE TABLE `products_file` (
  `id` int(11) NOT NULL AUTO_INCREMENT,
  `file` varchar(100) DEFAULT NULL,
  `description` varchar(100) DEFAULT NULL,
  `type` varchar(10) DEFAULT NULL,
  PRIMARY KEY (`id`)
) ENGINE=InnoDB AUTO_INCREMENT=26 DEFAULT CHARSET=utf8;
/*!40101 SET character_set_client = @saved_cs_client */;

--
-- Dumping data for table `products_file`
--

LOCK TABLES `products_file` WRITE;
/*!40000 ALTER TABLE `products_file` DISABLE KEYS */;
INSERT INTO `products_file` VALUES (1,'content_file/2019/01/08/악어복불복게임만들기_교안.zip','악어복불복게임만들기 교안','zip'),(2,'content_file/2019/01/08/악어복불복_만들기_키트_조립설명서_ver2.pdf','악어복불복키트 조립설명서','pdf'),(3,'content_file/2019/01/08/블록코딩과_문제_해결_논리_-_거리측정기_r1.pptx','거리측정기만들기 교안','pptx'),(4,'content_file/2019/01/08/거리측정기_만들기_키트_조립설명서_ver1.0.pdf','거리측정기키트 조립설명서','pdf'),(5,'content_file/2019/01/08/미메이커_코딩보드_연결방법.pdf','미메이커 코딩보드 연결방법','pdf'),(6,'content_file/2019/01/11/조이스틱_만들기_키트_조립설명서_ver2.pdf','조이스틱만들기 키트 조립설명서','pdf'),(7,'content_file/2019/01/11/조이스틱_만들고_게임_코딩하기01.pptx','조이스틱 만들고 코딩하기 1차','pptx'),(8,'content_file/2019/01/11/조이스틱_만들고_게임_코딩하기02.pptx','조이스틱 만들고 코딩하기 2차','pptx'),(9,'content_file/2019/01/11/미메이커_코딩보드를_활용한_엠블록_설치_및_이용방법.pdf','미메이커를 활용한 스크래치 코딩하기(mBlock) 설명서','pdf'),(10,'content_file/2019/01/11/스마트스탠드.zip','스마트스탠드 스크래치 코드 및 핀안내','zip'),(11,'content_file/2019/01/11/스마트_스탠드_키트_조립설명서_ver1.0_.pdf','스마트 스탠드 키트 조립설명서','pdf'),(12,'content_file/2019/01/11/스마트스탠드_코딩하기.pptx','스마트 스탠드 코딩하기(엔트리) 교안','pptx'),(13,'content_file/2019/01/11/악어복불복.zip','악어 복불복 스크래치 작동코드(mBlock)','zip'),(14,'content_file/2019/01/11/스마트_주차장_키트_조립설명서_ver1.pdf','스마트 주차장 조립 메뉴얼','pdf'),(15,'content_file/2019/01/11/스마트주차장.zip','스마트 주차장 스크래치 코드 및 핀설명(mBlock)','zip'),(16,'content_file/2019/01/12/주차장차단기_키트_조립설명서_ver2.0.pdf','주차장 차단기 키트 조립 메뉴얼','pdf'),(17,'content_file/2019/01/12/초시계_만들기_키트_조립설명서_ver1.0.pdf','초시계 만들기 키트 조립 메뉴얼','pdf'),(18,'content_file/2019/01/12/LED_무드등_만들기_키트_조립설명서_ver1.0.pdf','LED 꽃 무드등 만들기 키트 조립 메뉴얼','pdf'),(19,'content_file/2019/01/14/엔트리_이론01.pdf','엔트리이론교재01권','pdf'),(20,'content_file/2019/01/14/엔트리_이론02.pdf','엔트리이론교재02권','pdf'),(21,'content_file/2019/01/14/엔트리기초교재01권.pdf','엔트리기초교재01권','pdf'),(22,'content_file/2019/01/14/엔트리기초교재02권.pdf','엔트리기초교재02권','pdf'),(23,'content_file/2019/01/14/엔트리예제교재01권.pdf','엔트리예제교재01권','pdf'),(24,'content_file/2019/01/14/엔트리예제교재02권.pdf','엔트리예제교재02권','pdf'),(25,'content_file/2019/01/14/미메이커_코딩보드_설명서_201901.pdf','미메이커 코딩보드 사용 설명서','pdf');
/*!40000 ALTER TABLE `products_file` ENABLE KEYS */;
UNLOCK TABLES;

--
-- Table structure for table `products_image`
--

DROP TABLE IF EXISTS `products_image`;
/*!40101 SET @saved_cs_client     = @@character_set_client */;
/*!40101 SET character_set_client = utf8 */;
CREATE TABLE `products_image` (
  `id` int(11) NOT NULL AUTO_INCREMENT,
  `image` varchar(100) NOT NULL,
  `description` varchar(100) DEFAULT NULL,
  PRIMARY KEY (`id`)
) ENGINE=InnoDB AUTO_INCREMENT=70 DEFAULT CHARSET=utf8;
/*!40101 SET character_set_client = @saved_cs_client */;

--
-- Dumping data for table `products_image`
--

LOCK TABLES `products_image` WRITE;
/*!40000 ALTER TABLE `products_image` DISABLE KEYS */;
INSERT INTO `products_image` VALUES (2,'content_image/2019/01/02/조이스틱_대문_WmkJU5g.png','조이스틱 대문 사진'),(3,'content_image/2019/01/02/조이스틱01_배경x.png','조이스틱 대문사진 2'),(4,'content_image/2019/01/02/main_image01.png','엔트리 이론 메인 이미지01'),(5,'content_image/2019/01/02/main_image02.png','엔트리 이론 메인 이미지02'),(6,'content_image/2019/01/02/main_image03.png','엔트리 이론 메인 이미지03'),(7,'content_image/2019/01/02/엔트리를_활용한_SW_코딩의_이해.png','엔트리를 활용한 SW 코딩의 이해 메인이미지01'),(8,'content_image/2019/01/02/엔트리를_활용한_SW_코딩의_이해_양쪽.png','엔트리를 활용한 SW 코딩의 이해 메인이미지02'),(9,'content_image/2019/01/02/엔트리를_활용한_SW_코딩의_특징2.png','엔트리를 활용한 SW 코딩의 이해 메인이미지03'),(10,'content_image/2019/01/02/미메이커코딩보드_하늘_diy버전_제품대문이미지.png','미메이커 코딩보드 메인 이미지01'),(11,'content_image/2019/01/02/Cap_2018-11-10_15-36-45-337.jpg','미메이커 코딩보드 메인 이미지02'),(12,'content_image/2019/01/03/초시계_대문.png','초시계 대문'),(13,'content_image/2019/01/03/초시계01_배경o.png','초시계이미지01_배경있음'),(14,'content_image/2019/01/03/초시계02_배경o.png','초시계이미지02_배경있음'),(15,'content_image/2019/01/03/초시계03_배경o.png','초시계이미지03_배경있음'),(16,'content_image/2019/01/03/초시계04_배경o.png','초시계이미지04_배경있음'),(17,'','-----------------------------'),(18,'content_image/2019/01/03/거리측정기_대문.png','거리측정기_대문'),(19,'content_image/2019/01/03/거리측정기01_배경o.png','거리측정기_이미지01_배경있음'),(20,'content_image/2019/01/03/거리측정기02_배경o.png','거리측정기_이미지02_배경있음'),(21,'content_image/2019/01/03/거리측정기03_배경o.png','거리측정기_이미지03_배경있음'),(22,'content_image/2019/01/03/거리측정기04_배경o.png','거리측정기_이미지04_배경있음'),(23,'content_image/2019/01/03/조이스틱_대문.png','조이스틱_대문'),(24,'content_image/2019/01/03/조이스틱01_배경o.png','조이스틱_이미지01_배경있음'),(25,'content_image/2019/01/03/조이스틱02_배경o.png','조이스틱_이미지02_배경있음'),(26,'content_image/2019/01/03/조이스틱03_배경o.png','조이스틱_이미지03_배경있음'),(27,'content_image/2019/01/03/꽃무드등_대문.png','꽃무드등_대문'),(28,'content_image/2019/01/03/꽃무드등_01_배경o.png','꽃무드등_이미지01_배경있음'),(29,'content_image/2019/01/03/꽃무드등_02_배경o.png','꽃무드등_이미지02_배경있음'),(30,'content_image/2019/01/03/꽃무드등_03_배경o.png','꽃무드등_이미지03_배경있음'),(31,'content_image/2019/01/03/꽃무드등_04_배경o.png','꽃무드등_이미지04_배경있음'),(32,'content_image/2019/01/03/악어복불복_00_소형.png','악어복불복_대문'),(33,'content_image/2019/01/03/악어복불복01_배경x_대형.png','악어복불복_이미지01_배경있음'),(34,'content_image/2019/01/03/악어복불복02_소형_배경o.png','악어복불복_이미지02_배경있음'),(35,'content_image/2019/01/03/악어복불복03_소형_배경o.png','악어복불복_이미지03_배경있음'),(36,'content_image/2019/01/03/악어복불복04_소형_배경o.png','악어복불복_이미지04_배경있음'),(37,'content_image/2019/01/03/악어복불복05_배경o.png','악어복불복_이미지05_배경있음'),(38,'content_image/2019/01/03/스마트주차장_대문.png','스마트주차장_대문'),(39,'content_image/2019/01/03/스마트주차장01_배경o.png','스마트주차장_이미지01_배경있음'),(40,'content_image/2019/01/03/스마트주차장02_배경o.png','스마트주차장_이미지02_배경있음'),(41,'content_image/2019/01/03/스마트주차장03_배경o.png','스마트주차장_이미지03_배경있음'),(42,'content_image/2019/01/03/스마트주차장_04.jpg','스마트주차장_이미지04_스틸컷'),(43,'content_image/2019/01/03/스마트주차장_05.jpg','스마트주차장_이미지05_스틸컷'),(44,'content_image/2019/01/03/스마트주차장_06.jpg','스마트주차장_이미지06_스틸컷'),(45,'content_image/2019/01/03/스마트스탠드_00_소형.png','스마트스탠드_대문'),(46,'content_image/2019/01/03/스마트스탠드_01_배경o.png','스마트스탠드_이미지01_배경있음'),(47,'content_image/2019/01/03/스마트스탠드_02_배경o.png','스마트스탠드_이미지02_배경있음'),(48,'content_image/2019/01/03/스마트스탠드_03_배경o.png','스마트스탠드_이미지03_배경있음'),(49,'content_image/2019/01/03/스마트스탠드_04_배경o.png','스마트스탠드_이미지04_배경있음'),(50,'content_image/2019/01/03/주차장차단기_대문.png','주차장차단기_대문'),(51,'content_image/2019/01/03/주차장차단기_01_배경o.png','주차장차단기_이미지01_배경있음'),(52,'content_image/2019/01/03/주차장차단기_02_배경o.png','주차장차단기_이미지02_배경있음'),(53,'content_image/2019/01/03/주차장차단기_03_배경o.png','주차장차단기_이미지03_배경있음'),(54,'content_image/2019/01/03/주차장차단기_04_배경o.png','주차장차단기_이미지04_배경있음'),(55,'content_image/2019/01/12/로봇코딩의_의해_대문.png','엔트리와 미메이커 보드를 활용한 로봇코딩의 이해 대문'),(56,'content_image/2019/01/12/Cap_2018-08-01_14-34-47-168.png','엔트리와 미메이커 보드를 활용한 로봇코딩의 이해01'),(57,'content_image/2019/01/12/Cap_2018-08-01_14-34-31-378.png','엔트리와 미메이커 보드를 활용한 로봇코딩의 이해02 표지'),(58,'content_image/2019/01/12/Cap_2018-08-01_14-31-35-345.png','엔트리와 미메이커 보드를 활용한 로봇코딩의 이해03 이 책의 특징'),(59,'content_image/2019/01/12/Cap_2018-08-01_14-31-51-411.png','엔트리와 미메이커 보드를 활용한 로봇코딩의 이해 04 이 책의 특징2'),(60,'content_image/2019/01/12/Cap_2018-08-01_14-32-16-515.png','엔트리와 미메이커 보드를 활용한 로봇코딩의 이해 05 목차1'),(61,'content_image/2019/01/12/Cap_2018-08-01_14-33-11-521.png','엔트리와 미메이커 보드를 활용한 로봇코딩의 이해06 책의 내용'),(62,'content_image/2019/01/12/Cap_2018-08-01_14-33-29-655.jpg','엔트리와 미메이커 보드를 활용한 로봇코딩의 이해07 조립과정'),(63,'content_image/2019/01/14/8e7c14d4301f5d197bfa30f444a4de07.jpg','엔트리 기초 및 예제 대문'),(64,'content_image/2019/01/14/20171026171211_fizxvtmy.png','엔트리 기초 및 예제 학습내용'),(65,'content_image/2019/01/14/3D_프린팅과_모델링틴커캐드_기초_대문_.png','틴커캐드로 배우는 3D 모델링 기초 대문'),(66,'content_image/2019/01/14/3D_프린팅과_모델링틴커캐드_기초_01.png','틴커캐드로 배우는 3D 모델링 기초01'),(67,'content_image/2019/01/14/3D_프린팅과_모델링틴커캐드_기초_02.png','틴커캐드로 배우는 3D 모델링 기초02'),(68,'content_image/2019/01/15/2c99b9c71cc57318afc05eef1b8558d6.jpg','초등학교 엔트리 코딩 대문이미지'),(69,'content_image/2019/01/15/20171026133609_pzofkfwu.jpg','초등학교 엔트리 코딩 이미지01');
/*!40000 ALTER TABLE `products_image` ENABLE KEYS */;
UNLOCK TABLES;

--
-- Table structure for table `products_lecture`
--

DROP TABLE IF EXISTS `products_lecture`;
/*!40101 SET @saved_cs_client     = @@character_set_client */;
/*!40101 SET character_set_client = utf8 */;
CREATE TABLE `products_lecture` (
  `id` int(11) NOT NULL AUTO_INCREMENT,
  `introduce` longtext NOT NULL,
  `register_from` date DEFAULT NULL,
  `period_from` date DEFAULT NULL,
  `period_to` date DEFAULT NULL,
  `duration` bigint(20) DEFAULT NULL,
  `location` varchar(300) NOT NULL,
  `content_id` int(11) NOT NULL,
  PRIMARY KEY (`id`),
  KEY `products_lecture_content_id_1d8fc010_fk_products_content_id` (`content_id`),
  CONSTRAINT `products_lecture_content_id_1d8fc010_fk_products_content_id` FOREIGN KEY (`content_id`) REFERENCES `products_content` (`id`)
) ENGINE=InnoDB AUTO_INCREMENT=5 DEFAULT CHARSET=utf8;
/*!40101 SET character_set_client = @saved_cs_client */;

--
-- Dumping data for table `products_lecture`
--

LOCK TABLES `products_lecture` WRITE;
/*!40000 ALTER TABLE `products_lecture` DISABLE KEYS */;
INSERT INTO `products_lecture` VALUES (1,'<p>미메이커 코딩 교육(www.memaker.co.kr)</p>\r\n\r\n<p>선생님, 학생, 학부모 모두 코딩을 배워야 한다고 생각을 하지만, 어디서부터 어떻게 배워야 할지 모르는 경우가 많습니다.&nbsp;</p>\r\n\r\n<p>그래도 이곳에 찾아와 강의를 찾아보는 여러분은 블록코딩 엔트리에 대해서 들어보셨을 겁니다.&nbsp;</p>\r\n\r\n<p>&nbsp;</p>\r\n\r\n<p>엔트리는 국내에서 교육용 소프트웨어 언어(EPL : Education Programing Language)로 가장 많이 활용되는 블록코딩 프로그램입니다.</p>\r\n\r\n<p>&lsquo;다른 강사들과 똑같은 강의를 하려는 구나&rsquo; 하는 생각은 잠시 넣어두시기 바랍니다.</p>\r\n\r\n<p>시중에 수많은 엔트리 코딩 관련 교재와 영상이 나와 있습니다.&nbsp;</p>\r\n\r\n<p>하지만, 그 어디에서도 엔트리에 대해 자세히 다루지 않더군요.</p>\r\n\r\n<p>&nbsp;</p>\r\n\r\n<p>다음은 김경훈 선생님의 한마디입니다.</p>\r\n\r\n<p><span style=\"color:#c0392b\"><strong><q>엔트리도 잘 모르면서 엔트리로 코딩을 배우고 프로그램을 만들겠다? 알파벳을 배우지 않고 영어 공부를 시작하는 것과 같습니다.</q></strong></span></p>\r\n\r\n<p>&nbsp;</p>\r\n\r\n<p>어느 공부를 하더라도 기본이 가장 중요합니다. 기본기가 강해야 꾸준히 발전할 수 있습니다.</p>\r\n\r\n<p>&nbsp;</p>\r\n\r\n<p>코딩을 잘하고 싶은 여러분은 김경훈 선생님의 엔트리 가입부터 작품공유까지의 &lsquo;5분강좌 이론편&rsquo;을 듣는 것을 강력 추천합니다.&nbsp;</p>\r\n\r\n<p>강의목적 : 엔트리 회원 가입하기부터 작품공유하기까지 엔트리를 파헤쳐보고 엔트리와 친해진다. &nbsp;</p>\r\n\r\n<p>강의구성 : 총 9강 &nbsp; &nbsp; &nbsp; &nbsp;</p>\r\n\r\n<p>대상학년 : 초등 4,5,6 학년 / 엔트리 입문자 &nbsp; &nbsp; &nbsp; &nbsp;</p>\r\n\r\n<p>강의범위 : 엔트리 입문이론 /기초 &nbsp;</p>\r\n\r\n<p>&nbsp;</p>\r\n\r\n<p>※ 수강신청 대상</p>\r\n\r\n<p>1. 코딩을 처음 배우는 학생</p>\r\n\r\n<p>2. 코딩을 교육해야하는데 어떻게 해야할지 막막한 선생님</p>\r\n\r\n<p>3. 우리아이에게 코딩을 지도하고 싶은 학부모님</p>\r\n\r\n<p>4. 코딩교육 분야로 진출하고 싶으신 코딩 강사님</p>\r\n\r\n<p>&nbsp;</p>\r\n\r\n<p><span style=\"font-size:18px\"><strong><img alt=\"enlightened\" height=\"23\" src=\"http://www.memaker.co.kr/static/ckeditor/ckeditor/plugins/smiley/images/lightbulb.png\" title=\"enlightened\" width=\"23\" />학습 목차</strong></span></p>\r\n\r\n<hr />\r\n<p><span style=\"font-size:18px\"><strong>엔트리 이론&nbsp;</strong></span></p>\r\n\r\n<p><span style=\"font-size:16px\">1 코딩이란?</span></p>\r\n\r\n<p><span style=\"font-size:16px\">2 블록코딩과 엔트리</span></p>\r\n\r\n<p><span style=\"font-size:16px\">3 엔트리 회원가입</span></p>\r\n\r\n<p><span style=\"font-size:16px\">4 엔트리로 할 수 있는 것들</span></p>\r\n\r\n<p><span style=\"font-size:16px\">5 작품만들기 화면</span></p>\r\n\r\n<p><span style=\"font-size:16px\">6 오브젝트 의미와 요소</span></p>\r\n\r\n<p><span style=\"font-size:16px\">7 오브젝트창 살펴보기</span></p>\r\n\r\n<p><span style=\"font-size:16px\">8 블록꾸러미 살펴보기</span></p>\r\n\r\n<p><span style=\"font-size:16px\">9 오브젝트 추가 및 삭제</span></p>\r\n\r\n<p><span style=\"font-size:16px\">10 실행화면 세부기능</span></p>\r\n\r\n<p><span style=\"font-size:16px\">11 실행화면의 좌표</span></p>\r\n\r\n<p><span style=\"font-size:16px\">12 블록 조립소</span></p>\r\n\r\n<p><span style=\"font-size:16px\">13 엔트리 상단메뉴</span></p>\r\n\r\n<p><span style=\"font-size:16px\">14 간단한코드로 통해 오브젝트 제어하기</span></p>\r\n\r\n<p><span style=\"font-size:16px\">15 코드 분리하기, 삭제하기</span></p>\r\n\r\n<p><span style=\"font-size:16px\">16 오브젝트 움직이기 예제</span></p>\r\n\r\n<p><span style=\"font-size:16px\">17 작품저장</span></p>\r\n\r\n<p><span style=\"font-size:16px\">18 작품공유</span></p>\r\n\r\n<p>&nbsp;</p>\r\n\r\n<p><span style=\"font-size:18px\"><img alt=\"enlightened\" height=\"23\" src=\"http://www.memaker.co.kr/static/ckeditor/ckeditor/plugins/smiley/images/lightbulb.png\" title=\"enlightened\" width=\"23\" />학습목표</span></p>\r\n\r\n<p><span style=\"font-size:16px\">1. 엔트리를 사용하는 이유를 배운다.&nbsp;</span></p>\r\n\r\n<p><span style=\"font-size:16px\">2. 엔트리의 메뉴와 기능을 하나하나 살펴본다.</span></p>\r\n\r\n<p><span style=\"font-size:16px\">3. 간단한 코드로 작품을 만들어 본다.</span></p>\r\n\r\n<p><span style=\"font-size:16px\">4. 작품을 저장하고 공유할 수 있다.</span></p>','2019-01-02','2019-01-02','2019-01-02',NULL,'',1),(2,'<p><span style=\"font-size:16px\">다른 컴퓨터 프로그래밍 언어와 마찬가지로 엔트리(블록코딩) 역시 다양한 예제를 연습해야 알고리즘을 만들어내는 능력과 코딩 실력을 향상 시킬 수 있습니다. </span></p>\r\n\r\n<p><span style=\"font-size:16px\">엔트리 학습하기에 수록된 엔트리 예제는 순차, 반복문, 선택문, 함수, 비교연산 문 등을 익힐 수 있는 예제들로 구성이 되어있습니다.</span></p>\r\n\r\n<p><span style=\"font-size:16px\">처음부터 코딩을 잘 할 수는 없습니다. 코딩을 잘하기 위해선 수 많은 예제를 경험하고 완성된 코딩을 수정 해보며 조금씩 더 나은 방법을 찾아야 합니다. 이 강의는 여러분이 앞으로 코딩을 하며 가장 많이 사용하게될 순차, 반복선택, 비교연산, 함수에 대해 다룰 것입니다. 이 강의를 통해 코딩에 기본이 되는 문법을 익히시길 바랍니다.</span></p>\r\n\r\n<div style=\"text-align:center\">\r\n<figure class=\"image\" style=\"display:inline-block\"><img alt=\"\" height=\"450\" src=\"/uploads/files/memaker/2019/01/14/8e7c14d4301f5d197bfa30f444a4de07.jpg\" width=\"800\" />\r\n<figcaption>엔트리 기초 및 예제편</figcaption>\r\n</figure>\r\n</div>\r\n\r\n<hr />\r\n<p><span style=\"font-size:20px\">►강의목적 : 엔트리 블록코딩의 기초부터 고급피지컬 컴퓨팅까지 쉽고 명쾌한 진행을 통해 배워 나가고, 코딩실력을 키우며 컴퓨팅 사고력을 키울 수 있다. </span></p>\r\n\r\n<p><span style=\"font-size:20px\">►강의구성 : 총 8강 </span></p>\r\n\r\n<p><span style=\"font-size:20px\">►대상학년 : 초등 4,5,6 학년 / 엔트리 이론, 기초를 학습한 입문자 </span></p>\r\n\r\n<p><span style=\"font-size:20px\">►강의범위 : 엔트리 입문 /기초 예제 를 통한 초등 컴퓨팅 사고력 완벽 대비 </span></p>\r\n\r\n<p><span style=\"font-size:20px\">►수강대상: </span></p>\r\n\r\n<p><span style=\"font-size:18px\">&nbsp; &nbsp;★기본기를 닦은 후 다양한 예제풀이로 실전코딩 능력을 키우고 싶은 친구들 </span></p>\r\n\r\n<p><span style=\"font-size:18px\">&nbsp; &nbsp;★코딩공부를 따로 해왔지만 실력의 향상이 없고 어렵게만 느껴지는 친구들 </span></p>\r\n\r\n<p><span style=\"font-size:18px\">&nbsp; &nbsp;★지루한 수업은 못견디는 친구들 </span></p>\r\n\r\n<p><span style=\"font-size:18px\">&nbsp; &nbsp;★중급 수준의 엔트리 실력을 쌓고 싶은 분들 </span></p>\r\n\r\n<p>&nbsp;</p>\r\n\r\n<hr />\r\n<p><span style=\"font-size:20px\"><img alt=\"enlightened\" height=\"23\" src=\"http://www.memaker.co.kr/static/ckeditor/ckeditor/plugins/smiley/images/lightbulb.png\" title=\"enlightened\" width=\"23\" />학습내용</span></p>\r\n\r\n<p><span style=\"font-size:16px\">1 엔트리 첫 걸음 스텝 1 </span></p>\r\n\r\n<p><span style=\"font-size:16px\">2 엔트리 첫 걸음 스텝 2 </span></p>\r\n\r\n<p><span style=\"font-size:16px\">3 마을탐험 예제를 통해 순차, 함수를 익힌다. </span></p>\r\n\r\n<p><span style=\"font-size:16px\">4 우주여행 예제를 통해 순차, 반복, 선택, 비교연산문을 익힌다. </span></p>\r\n\r\n<hr />\r\n<p><span style=\"font-size:20px\"><img alt=\"enlightened\" height=\"23\" src=\"http://www.memaker.co.kr/static/ckeditor/ckeditor/plugins/smiley/images/lightbulb.png\" title=\"enlightened\" width=\"23\" />학습목표</span></p>\r\n\r\n<p><span style=\"font-size:16px\">1. 엔트리에서 제공하는 예제 미션을 완료할 수 있다. </span></p>\r\n\r\n<p><span style=\"font-size:16px\">2. 예제 미션을 통해 순차, 반복, 선택 논리를 학습 할 수 있다. </span></p>\r\n\r\n<p><span style=\"font-size:16px\">3. 코딩 논리를 이용하여 알고리즘을 만들 수 있다.</span></p>\r\n\r\n<hr />\r\n<p>&nbsp;</p>','2019-01-14','2019-01-14','2019-01-14',NULL,'',13),(3,'<p><span style=\"font-size:18px\">좀 더 가까이 우리 삶속으로 다가온 3D 프린터! 직접 갖고 있지 않더라도 주변에 3D 프린터를 이용할 수 있는 장소는 점점 늘어나고 있습니다. 3D프린터를 올바르게 활용하기 위해서는 3D 모델링을 배우고 활용할 수 있어야 합니다.</span></p>\r\n\r\n<p><span style=\"font-size:18px\">코딩과 메이커 활동에 3D 프린터와 모델링이 빠진다면 매우 엉성한 작품이 만들어지게 됩니다.&nbsp;</span></p>\r\n\r\n<p><span style=\"font-size:18px\">3D 모델링과 프린팅을 활용하여 나만의 멋진 코딩 프로젝트를 완성해보세요!</span></p>\r\n\r\n<p><span style=\"font-size:18px\">틴커캐드에서 활용가능한 모든 미메이커 모듈의 모델링 파일이 제공되고 있습니다.</span></p>\r\n\r\n<p>&nbsp;</p>\r\n\r\n<div style=\"text-align:center\">\r\n<figure class=\"image\" style=\"display:inline-block\"><img alt=\"\" height=\"450\" src=\"/uploads/files/memaker/2019/01/14/3d-_.png\" width=\"800\" />\r\n<figcaption>3D 프린팅도 배우고 3D 모델링(틴커캐드)도 배울 수 있는 강의입니다.</figcaption>\r\n</figure>\r\n</div>\r\n\r\n<p>&nbsp;</p>\r\n\r\n<div style=\"text-align:center\">\r\n<figure class=\"image\" style=\"display:inline-block\"><img alt=\"\" height=\"450\" src=\"/uploads/files/memaker/2019/01/14/3d-00.png\" width=\"800\" />\r\n<figcaption>CURA 슬라이스 프로그램</figcaption>\r\n</figure>\r\n</div>\r\n\r\n<p>&nbsp;</p>\r\n\r\n<div style=\"text-align:center\">\r\n<figure class=\"image\" style=\"display:inline-block\"><img alt=\"\" height=\"450\" src=\"/uploads/files/memaker/2019/01/14/3d-01.png\" width=\"800\" />\r\n<figcaption>틴커캐드로 만드는 우리집</figcaption>\r\n</figure>\r\n</div>\r\n\r\n<p>&nbsp;</p>\r\n\r\n<div style=\"text-align:center\">\r\n<figure class=\"image\" style=\"display:inline-block\"><img alt=\"\" height=\"450\" src=\"/uploads/files/memaker/2019/01/14/3d-02.png\" width=\"800\" />\r\n<figcaption>틴커캐드로 만드는 모듈 케이스</figcaption>\r\n</figure>\r\n</div>\r\n\r\n<p>&nbsp;</p>\r\n\r\n<hr />\r\n<p><span style=\"font-size:18px\">►강의목적 : 3D 프린터를 활용하기 위해&nbsp; 3D 모델링의 방법과 개념을 익힌다. 또한, 학습한 3D 모델링을 이용하여 미메이커 코딩 프로젝트를 수행해본다.</span></p>\r\n\r\n<p><span style=\"font-size:18px\">►강의구성 : 총 10강</span></p>\r\n\r\n<p><span style=\"font-size:18px\">►대상학년 : 초등학교 4학년 ~ 일반인</span></p>\r\n\r\n<p><span style=\"font-size:18px\">►강의범위 : CURA 기본 활용방법, 틴커캐드 기본기능 및 모델링</span></p>\r\n\r\n<p><span style=\"font-size:18px\">►수강대상:</span></p>\r\n\r\n<p><span style=\"font-size:18px\">&nbsp; &nbsp;★ 3D 모델링에 관심이 많은 학생 및 일반인</span></p>\r\n\r\n<p><span style=\"font-size:18px\">&nbsp; &nbsp;★ 메이커 코딩 프로젝트에 관심이 있는 학생 및 일반인</span></p>\r\n\r\n<p><span style=\"font-size:18px\">&nbsp; &nbsp;</span></p>\r\n\r\n<hr />\r\n<p><span style=\"font-size:20px\"><img alt=\"enlightened\" height=\"23\" src=\"http://www.memaker.co.kr/static/ckeditor/ckeditor/plugins/smiley/images/lightbulb.png\" title=\"enlightened\" width=\"23\" />학습내용</span></p>\r\n\r\n<p><span style=\"font-size:18px\">1 CURA 설치 및 설정 M508 3D 프린터 기준</span></p>\r\n\r\n<p><span style=\"font-size:18px\">2 Tinkercad(틴커캐드) 기초 배우기</span></p>\r\n\r\n<p><span style=\"font-size:18px\">3 Tinkercad(틴커캐드) 기초 배우기 조립구조물 만들기</span></p>\r\n\r\n<p><span style=\"font-size:18px\">4 Tinkercad(틴커캐드) 기초 배우기 의자 만들기</span></p>\r\n\r\n<p><span style=\"font-size:18px\">5&nbsp;Tinkercad(틴커캐드) 기초 배우기 의자 만들기 후반부 정렬활용</span></p>\r\n\r\n<p><span style=\"font-size:18px\">6&nbsp;Tinkercad(틴커캐드) 기초 배우기 집만들기 기초</span></p>\r\n\r\n<p><span style=\"font-size:18px\">7&nbsp;Tinkercad(틴커캐드) 기초 배우기 집만들기 심화</span></p>\r\n\r\n<p><span style=\"font-size:18px\">8&nbsp;Tinkercad(틴커캐드) 기초 배우기 나로호 로켓 모델링 배우기</span></p>\r\n\r\n<p><span style=\"font-size:18px\">9&nbsp;Tinkercad(틴커캐드) 기초 배우기 미메이커 코딩보드 모듈(터치센서) 케이스 모델링01</span></p>\r\n\r\n<p><span style=\"font-size:18px\">10&nbsp;Tinkercad(틴커캐드) 기초 배우기 미메이커 코딩보드 모듈(터치센서) 케이스 모델링 02</span></p>\r\n\r\n<p>&nbsp;</p>','2019-01-14','2019-01-14','2019-01-14',NULL,'',14),(4,'<p><span style=\"font-size:18px\">4차 산업혁명시 이제 코딩교육은 선택이 아닌 필수가 되어가고 있습니다. 중학교는 2018년부터 그리고, 초등학교는 2019년 부터 코딩교육을 의무적으로 진행한다고 합니다. 그럼 코딩이 과연 무엇일까요?</span></p>\r\n\r\n<p><span style=\"font-size:18px\">코딩은 Code +ing로 코드를 만들어가는 과정을 나타낸다고 볼 수 있습니다. 실제로 이 단어는 코딩교육을 하기위한 근본적인 이유를 설명하기에는 다소 부족함이 있죠!</span></p>\r\n\r\n<p><span style=\"font-size:18px\">우리는 코딩 교육을 통해 &#39;컴퓨팅적 사고방식&#39; 즉, Computational Thinking을 학습하는 것입니다.</span></p>\r\n\r\n<p><span style=\"font-size:18px\">그럼 또 궁금해지죠? Computational Thinking은 과연 무엇인가?? 하고요. 인간은 컴퓨터와 사고하는 방식이 기본적으로 다릅니다. 예를 들어볼까요? 학생 성심이는 목이 마르면 어떻게 할까요? 냉장고에 가서 물을 꺼내서 마시겠죠? 인간은 어떤 행동을 하기전에 구체적인 방법을 생각하지 않아도 자연스럽게 의식적/무의식적으로 자신이 원하는 행동을 하게 됩니다. 우리가 물을 마시기 위해서 컵을 잡고 들어올리는 행동이 머리속에 하나씩 정리가 되야 할 필요가 없듯이 말이죠. 하지만&nbsp;로봇이 냉장고에서 물을 가져오게 하려면 어떻게 해야할까요? 아마 단번에 생각이 나지 않으실거에요. 기본적으로 동작의 한 단계 한 단계 모든 절차를 정해주어야 합니다.&nbsp;심지어 물컵을 들어올리는 과정도 어느정도 세기로 컵을 잡을까 부터 몇 cm 까지 들어올릴까, 몇 도의 각도로 움직여 줄까 등 다양한 정보를 설정해주어야 합니다. 그래서 컴퓨터는 크게 3가지 방식으로 사고를 하죠.</span></p>\r\n\r\n<p><span style=\"font-size:18px\">1. 순차적 사고</span></p>\r\n\r\n<p><span style=\"font-size:18px\">컴퓨터는 순서에 따라 사고를 하고 순서를 정해주어야 올바르게 명령을 수행하게 됩니다.</span></p>\r\n\r\n<p><span style=\"font-size:18px\">2. 반복적 사고</span></p>\r\n\r\n<p><span style=\"font-size:18px\">사람은 반복적으로 일을 시키면 지루해서 견디기 힘들겁니다. 하지만 로봇은 순차적 사고의 일부를 지속적으로 반복하는 반복적 사고 방식이 매우 중요합니다. 반복적 사고는 순차적 사고를 단순하게 표현한 것이라고도 볼 수 있습니다.</span></p>\r\n\r\n<p><span style=\"font-size:18px\">3. 선택적 사고</span></p>\r\n\r\n<p><span style=\"font-size:18px\">우리 인간들이 매일매일 선택을 하는 것처럼 컴퓨터의 사고방식에도 선택이 있습니다. 이 선택은 결국 주어진 조건에 따라 달라지게 됩니다. 따라서 올바른 선택적 사고 방식을 구성하기 위해서는 올바른 조건이 필수가 됩니다.</span></p>\r\n\r\n<p>&nbsp;</p>\r\n\r\n<p><span style=\"font-size:18px\">이렇게 다양한 내용을 우리는 엔트리라는 코딩교육 플랫폼을 이용하여 자연스럽게 학습하게 됩니다.</span></p>\r\n\r\n<hr />\r\n<p><span style=\"font-size:20px\"><img alt=\"enlightened\" height=\"23\" src=\"http://www.memaker.co.kr/static/ckeditor/ckeditor/plugins/smiley/images/lightbulb.png\" title=\"enlightened\" width=\"23\" />강의의 특징</span></p>\r\n\r\n<p><span style=\"font-size:18px\">1. 재미있는 애니메이션을 통해 학습주제를 미리 살펴볼 수 있다.</span></p>\r\n\r\n<p><span style=\"font-size:18px\">2. 학습목표에 따라 체계적인 코딩 교육이 가능하다.</span></p>\r\n\r\n<p><span style=\"font-size:18px\">3. 학습활동을 통해 실습하거나 문제를 풀어보며 학습내용을 익힐 수 있다.</span></p>\r\n\r\n<p><span style=\"font-size:18px\">4. 더 알아보기를 통해 좀 더 심화적 내용을 접할 수 있다.</span></p>\r\n\r\n<p><span style=\"font-size:18px\">5. 학습내용 정리하기를 통해 매번 학습한 내용을 정리할 수 있다.</span></p>\r\n\r\n<p><span style=\"font-size:18px\">6. 약 20분 정도의 수업내용으로 코딩수업 1회에 진행하기 적당하다.</span></p>\r\n\r\n<p>&nbsp;</p>\r\n\r\n<p><span style=\"font-size:20px\">강의목적 : 초등학교 실과에 도입되는 코딩 내용을 체계적으로 전달한다.</span></p>\r\n\r\n<p><span style=\"font-size:20px\">강의구성 : 총 11강 &nbsp; &nbsp; &nbsp; &nbsp;</span></p>\r\n\r\n<p><span style=\"font-size:20px\">대상학년 : 초등 4,5,6 학년 / 엔트리 입문자 &nbsp; &nbsp; &nbsp; &nbsp;</span></p>\r\n\r\n<p><span style=\"font-size:20px\">강의범위 : 실과 정보사회의 이해, 정보와 윤리, 엔트리 기초 및 활용 등&nbsp;&nbsp;</span></p>\r\n\r\n<p>&nbsp;</p>\r\n\r\n<p><span style=\"font-size:20px\">※ 수강신청 대상</span></p>\r\n\r\n<p><span style=\"font-size:18px\">1. 코딩을 처음 배우는 학생</span></p>\r\n\r\n<p><span style=\"font-size:18px\">2. 코딩을 교육해야하는데 어떻게 해야할지 막막한 선생님</span></p>\r\n\r\n<p><span style=\"font-size:18px\">3. 우리아이에게 코딩을 지도하고 싶은 학부모님</span></p>\r\n\r\n<p><span style=\"font-size:18px\">4. 코딩교육 분야로 진출하고 싶으신 코딩 강사님</span></p>\r\n\r\n<p>&nbsp;</p>\r\n\r\n<p><span style=\"font-size:20px\"><img alt=\"enlightened\" height=\"23\" src=\"http://www.memaker.co.kr/static/ckeditor/ckeditor/plugins/smiley/images/lightbulb.png\" title=\"enlightened\" width=\"23\" />학습 목차</span></p>\r\n\r\n<hr />\r\n<p><span style=\"font-size:20px\">초등학교 엔트리 코딩 (초등학교 실과)</span></p>\r\n\r\n<p><span style=\"font-size:18px\">1. 정보사회의 이해1</span></p>\r\n\r\n<p><span style=\"font-size:18px\">1-1 정보란?</span></p>\r\n\r\n<p><span style=\"font-size:18px\">1-2 정보 사회란?</span></p>\r\n\r\n<p><span style=\"font-size:18px\">1-3 정보 사회의 기술</span></p>\r\n\r\n<p>&nbsp;</p>\r\n\r\n<p><span style=\"font-size:18px\">2. 정보사회의 이해2</span></p>\r\n\r\n<p><span style=\"font-size:18px\">2-1 사이버(인터넷)윤리</span></p>\r\n\r\n<p><span style=\"font-size:18px\">2-2 정보보안 : 개인정보 피해</span></p>\r\n\r\n<p><span style=\"font-size:18px\">2-3 올바른 컴퓨터 사용</span></p>\r\n\r\n<p>&nbsp;</p>\r\n\r\n<p><span style=\"font-size:18px\">3. 자료와 정보의 표현/분석</span></p>\r\n\r\n<p><span style=\"font-size:18px\">3-1 아날로그와 디지털</span></p>\r\n\r\n<p><span style=\"font-size:18px\">3-2 목적에 맞는 정보</span></p>\r\n\r\n<p><span style=\"font-size:18px\">3-3 구조화</span></p>\r\n\r\n<p>&nbsp;</p>\r\n\r\n<p><span style=\"font-size:18px\">4. 추상화와 알고리즘</span></p>\r\n\r\n<p><span style=\"font-size:18px\">4-1 추상화란?</span></p>\r\n\r\n<p><span style=\"font-size:18px\">4-2 추상화를 통한 문제해결 방법 탐색</span></p>\r\n\r\n<p><span style=\"font-size:18px\">4-3 알고리즘이란?</span></p>\r\n\r\n<p>&nbsp;</p>\r\n\r\n<p><span style=\"font-size:18px\">5. 프로그래밍 - 기초편</span></p>\r\n\r\n<p><span style=\"font-size:18px\">5-1 코딩이란?</span></p>\r\n\r\n<p><span style=\"font-size:18px\">5-2 블록코딩과 &#39;엔트리&#39;</span></p>\r\n\r\n<p>&nbsp;</p>\r\n\r\n<p><span style=\"font-size:18px\">6. 프로그래밍 - 예제편</span></p>\r\n\r\n<p><span style=\"font-size:18px\">6-1 입력과 출력</span></p>\r\n\r\n<p><span style=\"font-size:18px\">6-2 엔트리의 입력과 출력</span></p>\r\n\r\n<p><span style=\"font-size:18px\">6-3 순차논리, 반복논리, 선택논리</span></p>\r\n\r\n<p><span style=\"font-size:18px\">&nbsp;</span></p>\r\n\r\n<p><span style=\"font-size:18px\">7. 프로그래밍 - 실전(1)</span></p>\r\n\r\n<p><span style=\"font-size:18px\">7-1 오브젝트 레이어</span></p>\r\n\r\n<p><span style=\"font-size:18px\">7-2 이중 반복문을 활용한 떨어지는 불덩이 만들기</span></p>\r\n\r\n<p><span style=\"font-size:18px\">7-3 무작위 값이란?</span></p>\r\n\r\n<p>&nbsp;</p>\r\n\r\n<p><span style=\"font-size:18px\">8. 프로그래밍 - 실전(2)</span></p>\r\n\r\n<p><span style=\"font-size:18px\">8-1 복제본이란?</span></p>\r\n\r\n<p><span style=\"font-size:18px\">8-2 오브젝트 움직이기</span></p>\r\n\r\n<p><span style=\"font-size:18px\">8-3 선택구조를 이용한 프로그램 종료 조건</span></p>\r\n\r\n<p>&nbsp;</p>\r\n\r\n<p><span style=\"font-size:18px\">9. 프로그래밍 - 애니메이션(1)</span></p>\r\n\r\n<p><span style=\"font-size:18px\">9-1 신호 만들기</span></p>\r\n\r\n<p><span style=\"font-size:18px\">9-2 새로운 장면 추가하기</span></p>\r\n\r\n<p><span style=\"font-size:18px\">9-3 효과음 넣기</span></p>\r\n\r\n<p>&nbsp;</p>\r\n\r\n<p><span style=\"font-size:18px\">10 프로그래밍 - 애니메이션(2)</span></p>\r\n\r\n<p><span style=\"font-size:18px\">10-1 배경 뒤로 움직이기</span></p>\r\n\r\n<p><span style=\"font-size:18px\">10-2 연속동작 만들기</span></p>\r\n\r\n<p>&nbsp;</p>\r\n\r\n<p><span style=\"font-size:18px\">11 프로그래밍 - 애니메이션(3)</span></p>\r\n\r\n<p><span style=\"font-size:18px\">11-1 애니메이션 완성하기</span></p>\r\n\r\n<p>&nbsp;</p>','2019-01-15','2019-01-15','2019-01-15',NULL,'',15);
/*!40000 ALTER TABLE `products_lecture` ENABLE KEYS */;
UNLOCK TABLES;

--
-- Table structure for table `products_lecture_teacher`
--

DROP TABLE IF EXISTS `products_lecture_teacher`;
/*!40101 SET @saved_cs_client     = @@character_set_client */;
/*!40101 SET character_set_client = utf8 */;
CREATE TABLE `products_lecture_teacher` (
  `id` int(11) NOT NULL AUTO_INCREMENT,
  `lecture_id` int(11) NOT NULL,
  `user_id` int(11) NOT NULL,
  PRIMARY KEY (`id`),
  UNIQUE KEY `products_lecture_teacher_lecture_id_user_id_692f430a_uniq` (`lecture_id`,`user_id`),
  KEY `products_lecture_teacher_user_id_5916ce23_fk_auth_user_id` (`user_id`),
  CONSTRAINT `products_lecture_tea_lecture_id_91689310_fk_products_` FOREIGN KEY (`lecture_id`) REFERENCES `products_lecture` (`id`),
  CONSTRAINT `products_lecture_teacher_user_id_5916ce23_fk_auth_user_id` FOREIGN KEY (`user_id`) REFERENCES `auth_user` (`id`)
) ENGINE=InnoDB DEFAULT CHARSET=utf8;
/*!40101 SET character_set_client = @saved_cs_client */;

--
-- Dumping data for table `products_lecture_teacher`
--

LOCK TABLES `products_lecture_teacher` WRITE;
/*!40000 ALTER TABLE `products_lecture_teacher` DISABLE KEYS */;
/*!40000 ALTER TABLE `products_lecture_teacher` ENABLE KEYS */;
UNLOCK TABLES;

--
-- Table structure for table `products_product`
--

DROP TABLE IF EXISTS `products_product`;
/*!40101 SET @saved_cs_client     = @@character_set_client */;
/*!40101 SET character_set_client = utf8 */;
CREATE TABLE `products_product` (
  `id` int(11) NOT NULL AUTO_INCREMENT,
  `introduce` longtext NOT NULL,
  `link` varchar(200) NOT NULL,
  `content_id` int(11) NOT NULL,
  PRIMARY KEY (`id`),
  KEY `products_product_content_id_2f4f6c80_fk_products_content_id` (`content_id`),
  CONSTRAINT `products_product_content_id_2f4f6c80_fk_products_content_id` FOREIGN KEY (`content_id`) REFERENCES `products_content` (`id`)
) ENGINE=InnoDB AUTO_INCREMENT=13 DEFAULT CHARSET=utf8;
/*!40101 SET character_set_client = @saved_cs_client */;

--
-- Dumping data for table `products_product`
--

LOCK TABLES `products_product` WRITE;
/*!40000 ALTER TABLE `products_product` DISABLE KEYS */;
INSERT INTO `products_product` VALUES (2,'<p><span style=\"font-size:16px\">본 도서는 초등학교 실과시간에 도입되는 코딩교육에 완벽한 대비를 할 수 있도록 다양한 전문가와 교사의 검토를 마친</span></p>\r\n\r\n<p><span style=\"font-size:16px\">교육 도서로서 학생들에게 코딩에 대한 배경지식과 기초적인 코딩에 이해를 도울 수 있는 다양한 내용을 수록하고 있습니다.</span></p>\r\n\r\n<p><span style=\"font-size:16px\">또한, 국내에서 가장 활성화되어 있는 블록코딩 엔트리를 활용한 알고리즘 교육과 애니메이션, 게임 등을 제작하며 코딩에 세계를 완벽하&nbsp;체험할 수 있습니다.</span></p>\r\n\r\n<p><span style=\"font-size:16px\">본 도서는 &#39;미메이커 코딩보드&#39;를 이용한 피지컬 컴퓨팅 교육과정을 체계적으로 다루고 있기 때문에 학생들의 알고리즘 능력 배양 뿐만 아니라 창의 제작 체험을 통해 다양한 역량을 배양하여 4차 산업시대에 꼭 필요한 인재를 양성하는 데 필수적인 지식과 활동을 정리하였습니다.</span></p>\r\n\r\n<p><span style=\"font-size:16px\">본 도서를 통해 학생들은 창의력과 컴퓨팅적 사고력을 키우고, 선생님은 전문성을 향상 시킬 수 있도록 안내하고 있습니다.</span></p>\r\n\r\n<hr />\r\n<p>&nbsp;</p>\r\n\r\n<p><span style=\"font-size:20px\"><img alt=\"enlightened\" height=\"23\" src=\"http://www.memaker.co.kr/static/ckeditor/ckeditor/plugins/smiley/images/lightbulb.png\" title=\"enlightened\" width=\"23\" /><strong>교재 미리보기</strong></span></p>\r\n\r\n<p><span style=\"font-size:18px\">본 교재가 제공하는 다양한 특징들을 통해서 학습자분들의 코딩 학습 뿐만 아니라, 교육자분들도 쉽고 재미있는 수업이 될 수 있습니다.</span></p>\r\n\r\n<div style=\"text-align:center\">\r\n<figure class=\"image\" style=\"display:inline-block\"><img alt=\"\" height=\"535\" src=\"/uploads/files/memaker/2019/01/02/sw-_.png\" width=\"800\" />\r\n<figcaption>SW 코딩의 이해 표지</figcaption>\r\n</figure>\r\n</div>\r\n\r\n<p>&nbsp;</p>\r\n\r\n<p>&nbsp;</p>\r\n\r\n<p><span style=\"font-size:20px\"><img alt=\"enlightened\" height=\"23\" src=\"http://www.memaker.co.kr/static/ckeditor/ckeditor/plugins/smiley/images/lightbulb.png\" title=\"enlightened\" width=\"23\" /><strong>목차 구성</strong></span></p>\r\n\r\n<div style=\"text-align:center\">\r\n<figure class=\"image\" style=\"display:inline-block\"><img alt=\"\" height=\"538\" src=\"/uploads/files/memaker/2019/01/02/sw-1.png\" width=\"800\" />\r\n<figcaption>교재 목차 구성 첫 번째</figcaption>\r\n</figure>\r\n</div>\r\n\r\n<p>&nbsp;</p>\r\n\r\n<div style=\"text-align:center\">\r\n<figure class=\"image\" style=\"display:inline-block\"><img alt=\"\" height=\"539\" src=\"/uploads/files/memaker/2019/01/02/sw-2.png\" width=\"800\" />\r\n<figcaption>교재 목차 구성 두 번째</figcaption>\r\n</figure>\r\n</div>\r\n\r\n<p>&nbsp;</p>\r\n\r\n<p><span style=\"font-size:20px\"><img alt=\"enlightened\" height=\"23\" src=\"http://www.memaker.co.kr/static/ckeditor/ckeditor/plugins/smiley/images/lightbulb.png\" title=\"enlightened\" width=\"23\" /><strong>교재의 특징</strong></span></p>\r\n\r\n<div style=\"text-align:center\">\r\n<figure class=\"image\" style=\"display:inline-block\"><img alt=\"\" height=\"675\" src=\"/uploads/files/memaker/2019/01/02/sw-1_1I3BwVG.png\" width=\"617\" />\r\n<figcaption>교재의 특징 1</figcaption>\r\n</figure>\r\n</div>\r\n\r\n<p>&nbsp;</p>\r\n\r\n<div style=\"text-align:center\">\r\n<figure class=\"image\" style=\"display:inline-block\"><img alt=\"\" height=\"521\" src=\"/uploads/files/memaker/2019/01/02/sw-2_oS7ZccB.png\" width=\"608\" />\r\n<figcaption>교재의 특징 2</figcaption>\r\n</figure>\r\n</div>\r\n\r\n<p>&nbsp;</p>\r\n\r\n<p><span style=\"font-size:20px\"><img alt=\"enlightened\" height=\"23\" src=\"http://www.memaker.co.kr/static/ckeditor/ckeditor/plugins/smiley/images/lightbulb.png\" title=\"enlightened\" width=\"23\" /><strong>교재 내용 살펴보기</strong></span></p>\r\n\r\n<p style=\"text-align:center\"><img alt=\"\" height=\"535\" src=\"/uploads/files/memaker/2019/01/02/sw-1_5DkBMGP.png\" width=\"800\" /></p>\r\n\r\n<p>&nbsp;</p>\r\n\r\n<p style=\"text-align:center\"><img alt=\"\" height=\"540\" src=\"/uploads/files/memaker/2019/01/02/sw-2_xF4NeRa.png\" width=\"800\" /></p>\r\n\r\n<p>&nbsp;</p>\r\n\r\n<p style=\"text-align:center\"><img alt=\"\" height=\"539\" src=\"/uploads/files/memaker/2019/01/02/sw-3.png\" width=\"800\" /></p>\r\n\r\n<p>&nbsp;</p>\r\n\r\n<p style=\"text-align:center\"><img alt=\"\" height=\"539\" src=\"/uploads/files/memaker/2019/01/02/sw-4.png\" width=\"800\" /></p>\r\n\r\n<p>&nbsp;</p>\r\n\r\n<p><strong><span style=\"font-size:20px\">※교재 내용의 다양한 특징과 내용 살펴보기</span></strong></p>\r\n\r\n<p><span style=\"font-size:18px\">6컷 애니메이션의 재미있는 이야기를 통해 앞으로 배우게 될 내용을 알 수 있습니다.</span></p>\r\n\r\n<p><span style=\"font-size:18px\">학습목표에 따라 학생들은 무엇을 배울지, 선생님을 무엇을 지도해야 할 것인지 서로 알기 쉽습니다.</span></p>\r\n\r\n<p><span style=\"font-size:18px\">체계적인 구성을 통해 코딩을 정복할 수 있습니다.</span></p>\r\n\r\n<p><span style=\"font-size:18px\">좀 더 알아보기를 통해 깊이있는 학습이 가능합니다.</span><br />\r\n&nbsp;</p>','',2),(3,'<h3><span style=\"font-size:16px\">코딩을 쉽게 배울 수 있는 코딩 보드 &quot;미메이커 코딩보드&quot;</span></h3>\r\n\r\n<h3><span style=\"font-size:16px\">피지컬 컴퓨팅, 로봇 코딩 등 다양한 만들기 기반의 코딩 교육용 보드로</span></h3>\r\n\r\n<h3><span style=\"font-size:16px\">코딩 교육과 창의력 두 마리의 토끼를 모두 잡으세요!</span></h3>\r\n\r\n<h3><span style=\"font-size:16px\">미메이커에서 체계적인 온라인 강의와 함께 활용할 수 있는 코딩 교육용 보드를 출시 했습니다.</span></h3>\r\n\r\n<h3><span style=\"font-size:16px\">초기 프리미엄 형태로 깔끔한 외형을 구현하고자 하였으나,</span></h3>\r\n\r\n<h3><span style=\"font-size:16px\">가격이 높아져 보편적인 교육을 할 수 없는 단점을 보완하고자</span></h3>\r\n\r\n<h3><span style=\"font-size:16px\">단순하고 경제적인 형태의 외형으로 고객에게 좀 더 낮은 가격으로 제공하였습니다.</span></h3>\r\n\r\n<p>&nbsp;</p>\r\n\r\n<h2><span style=\"font-size:18px\"><img alt=\"enlightened\" height=\"23\" src=\"http://www.memaker.co.kr/static/ckeditor/ckeditor/plugins/smiley/images/lightbulb.png\" title=\"enlightened\" width=\"23\" />수상 내역</span></h2>\r\n\r\n<div style=\"text-align:center\">\r\n<figure class=\"image\" style=\"display:inline-block\"><img alt=\"\" height=\"324\" src=\"/uploads/files/memaker/2019/01/02/f7145fde23fd12a4f0c927d4bdc6616e.png\" width=\"270\" />\r\n<figcaption>하이서울 어워드 수상</figcaption>\r\n</figure>\r\n</div>\r\n\r\n<p>&nbsp;</p>\r\n\r\n<h2><span style=\"font-size:18px\"><img alt=\"enlightened\" height=\"23\" src=\"http://www.memaker.co.kr/static/ckeditor/ckeditor/plugins/smiley/images/lightbulb.png\" title=\"enlightened\" width=\"23\" />제품 구성</span></h2>\r\n\r\n<p style=\"text-align:center\"><img alt=\"\" height=\"449\" src=\"/uploads/files/memaker/2019/01/02/cap-2018-11-10-15-35-45-495.jpg\" width=\"800\" /></p>\r\n\r\n<p style=\"text-align:center\"><img alt=\"\" height=\"445\" src=\"/uploads/files/memaker/2019/01/02/cap-2018-11-10-15-35-59-358.jpg\" width=\"800\" /></p>\r\n\r\n<p style=\"text-align:center\"><img alt=\"\" height=\"445\" src=\"/uploads/files/memaker/2019/01/02/cap-2018-11-10-15-36-08-891.jpg\" width=\"800\" /></p>\r\n\r\n<p style=\"text-align:center\"><img alt=\"\" height=\"445\" src=\"/uploads/files/memaker/2019/01/02/cap-2018-11-10-15-36-16-108.jpg\" width=\"800\" /></p>\r\n\r\n<p style=\"text-align:center\"><img alt=\"\" height=\"445\" src=\"/uploads/files/memaker/2019/01/02/cap-2018-11-10-15-36-22-038.jpg\" width=\"800\" /></p>\r\n\r\n<p style=\"text-align:center\"><img alt=\"\" height=\"445\" src=\"/uploads/files/memaker/2019/01/02/cap-2018-11-10-15-36-28-342.jpg\" width=\"800\" /></p>\r\n\r\n<p style=\"text-align:center\"><img alt=\"\" height=\"446\" src=\"/uploads/files/memaker/2019/01/02/cap-2018-11-10-15-36-45-337.jpg\" width=\"800\" /></p>\r\n\r\n<p>&nbsp;</p>\r\n\r\n<h2><span style=\"font-size:18px\"><img alt=\"enlightened\" height=\"23\" src=\"http://www.memaker.co.kr/static/ckeditor/ckeditor/plugins/smiley/images/lightbulb.png\" title=\"enlightened\" width=\"23\" />미메이커 코딩보드 장점</span></h2>\r\n\r\n<p style=\"text-align:center\"><img alt=\"\" height=\"223\" src=\"/uploads/files/memaker/2019/01/02/cap-2018-11-10-15-36-57-520.jpg\" width=\"500\" /></p>\r\n\r\n<p style=\"text-align:center\"><img alt=\"\" height=\"393\" src=\"/uploads/files/memaker/2019/01/02/cap-2018-11-10-15-37-08-142.jpg\" width=\"700\" /></p>\r\n\r\n<p style=\"text-align:center\"><img alt=\"\" height=\"520\" src=\"/uploads/files/memaker/2019/01/02/cap-2018-11-10-15-37-23-979.jpg\" width=\"700\" /></p>\r\n\r\n<p style=\"text-align:center\"><img alt=\"\" height=\"520\" src=\"/uploads/files/memaker/2019/01/02/cap-2018-11-10-15-37-35-712.jpg\" width=\"700\" /></p>\r\n\r\n<p style=\"text-align:center\"><img alt=\"\" height=\"512\" src=\"/uploads/files/memaker/2019/01/02/cap-2018-11-10-15-37-46-413.jpg\" width=\"700\" /></p>\r\n\r\n<p style=\"text-align:center\"><img alt=\"\" height=\"528\" src=\"/uploads/files/memaker/2019/01/02/cap-2018-11-10-15-37-58-329.jpg\" width=\"700\" /></p>\r\n\r\n<p style=\"text-align:center\"><img alt=\"\" height=\"536\" src=\"/uploads/files/memaker/2019/01/02/cap-2018-11-10-15-38-15-146.jpg\" width=\"700\" /></p>\r\n\r\n<p style=\"text-align:center\"><img alt=\"\" height=\"450\" src=\"/uploads/files/memaker/2019/01/02/cap-2018-11-10-15-38-20-492.jpg\" width=\"700\" /></p>\r\n\r\n<p style=\"text-align:center\"><img alt=\"\" height=\"234\" src=\"/uploads/files/memaker/2019/01/02/cap-2018-11-10-15-38-33-424.jpg\" width=\"700\" /></p>\r\n\r\n<p>&nbsp;</p>\r\n\r\n<h2><span style=\"font-size:18px\"><img alt=\"enlightened\" height=\"23\" src=\"http://www.memaker.co.kr/static/ckeditor/ckeditor/plugins/smiley/images/lightbulb.png\" title=\"enlightened\" width=\"23\" />미메이커 코딩보드 제품구성</span></h2>\r\n\r\n<p style=\"text-align:center\"><img alt=\"\" height=\"492\" src=\"/uploads/files/memaker/2019/01/02/cap-2018-11-10-15-39-13-356.jpg\" width=\"467\" /></p>\r\n\r\n<p style=\"text-align:center\"><img alt=\"\" height=\"317\" src=\"/uploads/files/memaker/2019/01/02/cap-2018-11-10-15-39-19-989.jpg\" width=\"467\" /></p>\r\n\r\n<p style=\"text-align:center\"><img alt=\"\" height=\"317\" src=\"/uploads/files/memaker/2019/01/02/cap-2018-11-10-15-39-33-072.jpg\" width=\"467\" /></p>\r\n\r\n<p style=\"text-align:center\"><img alt=\"\" height=\"317\" src=\"/uploads/files/memaker/2019/01/02/cap-2018-11-10-15-39-41-855.jpg\" width=\"467\" /></p>\r\n\r\n<p style=\"text-align:center\"><img alt=\"\" height=\"317\" src=\"/uploads/files/memaker/2019/01/02/cap-2018-11-10-15-39-51-690.jpg\" width=\"467\" /></p>\r\n\r\n<p style=\"text-align:center\"><img alt=\"\" height=\"317\" src=\"/uploads/files/memaker/2019/01/02/cap-2018-11-10-15-39-57-872.jpg\" width=\"467\" /></p>\r\n\r\n<p style=\"text-align:center\"><img alt=\"\" height=\"317\" src=\"/uploads/files/memaker/2019/01/02/cap-2018-11-10-15-40-05-672.jpg\" width=\"467\" /></p>\r\n\r\n<p style=\"text-align:center\"><img alt=\"\" height=\"317\" src=\"/uploads/files/memaker/2019/01/02/cap-2018-11-10-15-40-14-173.jpg\" width=\"467\" /></p>\r\n\r\n<p style=\"text-align:center\"><img alt=\"\" height=\"317\" src=\"/uploads/files/memaker/2019/01/02/cap-2018-11-10-15-40-21-990.jpg\" width=\"467\" /></p>\r\n\r\n<p style=\"text-align:center\"><img alt=\"\" height=\"317\" src=\"/uploads/files/memaker/2019/01/02/cap-2018-11-10-15-40-29-674.jpg\" width=\"467\" /></p>\r\n\r\n<p style=\"text-align:center\"><img alt=\"\" height=\"317\" src=\"/uploads/files/memaker/2019/01/02/cap-2018-11-10-15-40-36-357.jpg\" width=\"467\" /></p>\r\n\r\n<p style=\"text-align:center\"><img alt=\"\" height=\"317\" src=\"/uploads/files/memaker/2019/01/02/cap-2018-11-10-15-40-42-807.jpg\" width=\"467\" /></p>\r\n\r\n<p style=\"text-align:center\"><img alt=\"\" height=\"317\" src=\"/uploads/files/memaker/2019/01/02/cap-2018-11-10-15-40-53-173.jpg\" width=\"467\" /></p>\r\n\r\n<p>&nbsp;</p>','https://smartstore.naver.com/memaker_shop/products/3901746800',3),(4,'<p><span style=\"font-size:14px\">미메이커 코딩보드를 활용한 거리 측정기 만들기 프로젝트 키트입니다.</span></p>\r\n\r\n<p><span style=\"font-size:14px\">엔트리 및 스크래치 등을 활용하여 스마트 거리측정기 게임과 함께 활용하는 거리 측정기 실물을 만들 수 있습니다.</span></p>\r\n\r\n<p><span style=\"font-size:14px\">직접 만든 스마트 주차장을 이용하여 치수를 재는 데 직접 활용해보는 건 어떨까요?</span></p>\r\n\r\n<p><span style=\"font-size:14px\">줄자나 자로 재던 것과는 색다른 재미가 있을 겁니다!^^</span></p>\r\n\r\n<p><span style=\"font-size:14px\"><em>본 키트에 활용되는 초음파센서, LCD 모듈은 미메이커 DIY 보드에 포함된 모듈입니다. (키트에 포함 x)</em></span></p>\r\n\r\n<p>&nbsp;</p>\r\n\r\n<p><strong><span style=\"font-size:18px\"><img alt=\"enlightened\" height=\"23\" src=\"http://www.memaker.co.kr/static/ckeditor/ckeditor/plugins/smiley/images/lightbulb.png\" title=\"enlightened\" width=\"23\" />키트 이미지</span></strong></p>\r\n\r\n<p style=\"text-align:center\"><img alt=\"\" height=\"534\" src=\"/uploads/files/memaker/2019/01/03/01_o.png\" width=\"800\" /></p>\r\n\r\n<p style=\"text-align:center\"><img alt=\"\" height=\"534\" src=\"/uploads/files/memaker/2019/01/03/01_x.png\" width=\"800\" /></p>\r\n\r\n<p style=\"text-align:center\"><img alt=\"\" height=\"534\" src=\"/uploads/files/memaker/2019/01/03/02_o.png\" width=\"800\" /></p>\r\n\r\n<p style=\"text-align:center\"><img alt=\"\" height=\"534\" src=\"/uploads/files/memaker/2019/01/03/03_o.png\" width=\"800\" /></p>\r\n\r\n<p style=\"text-align:center\"><img alt=\"\" height=\"534\" src=\"/uploads/files/memaker/2019/01/03/04_o.png\" width=\"800\" /></p>\r\n\r\n<p><img alt=\"enlightened\" height=\"23\" src=\"http://www.memaker.co.kr/static/ckeditor/ckeditor/plugins/smiley/images/lightbulb.png\" title=\"enlightened\" width=\"23\" /><span style=\"font-size:18px\"><strong>조립 메뉴얼</strong></span></p>\r\n\r\n<div style=\"text-align:center\">\r\n<figure class=\"image\" style=\"display:inline-block\"><img alt=\"\" height=\"910\" src=\"/uploads/files/memaker/2019/01/03/npoaan.png\" width=\"638\" />\r\n<figcaption>키트 조립 설명서</figcaption>\r\n</figure>\r\n</div>\r\n\r\n<p><img alt=\"enlightened\" height=\"23\" src=\"http://www.memaker.co.kr/static/ckeditor/ckeditor/plugins/smiley/images/lightbulb.png\" title=\"enlightened\" width=\"23\" /><strong><span style=\"font-size:18px\">조립 과정</span></strong></p>\r\n\r\n<div style=\"text-align:center\">\r\n<figure class=\"image\" style=\"display:inline-block\"><img alt=\"\" height=\"527\" src=\"/uploads/files/memaker/2019/01/03/_.gif\" width=\"800\" />\r\n<figcaption>키트 조립 방법</figcaption>\r\n</figure>\r\n</div>\r\n\r\n<p><img alt=\"enlightened\" height=\"23\" src=\"http://www.memaker.co.kr/static/ckeditor/ckeditor/plugins/smiley/images/lightbulb.png\" title=\"enlightened\" width=\"23\" /><strong><span style=\"font-size:18px\">엔트리 프로그램</span></strong></p>\r\n\r\n<div style=\"text-align:center\">\r\n<figure class=\"image\" style=\"display:inline-block\"><img alt=\"\" height=\"449\" src=\"/uploads/files/memaker/2019/01/03/gnejqd.png\" width=\"800\" />\r\n<figcaption>엔트리 프로그램 상어떼 피하기</figcaption>\r\n</figure>\r\n</div>\r\n\r\n<p><strong><span style=\"font-size:16px\">►<a href=\"http://naver.me/xGHCbnJy\">엔트리게임구경하기</a></span></strong></p>','https://smartstore.naver.com/memaker_shop/products/4072754922',4),(5,'<p>미메이커 코딩보드를 활용한 조이스틱 만들기 프로젝트 키트입니다.</p>\r\n\r\n<p>엔트리 및 스크래치 등을 활용하여 조이스틱 게임을 만들어보고 즐겨보세요! 학생과 자녀의 창의력은 만들고 생각하고 즐기면서 쑥쑥! 성장하게 됩니다.</p>\r\n\r\n<p>자 이제 조이스틱 만들기 프로젝트로 나만의 조이스틱을 만들어보세요! 그리고 코딩해보세요!</p>\r\n\r\n<p><cite>본 키트에 활용되는 조이스틱 모듈과 버튼모듈은 미메이커 DIY 보드에 포함된 모듈입니다.(키트에 포함X)</cite></p>\r\n\r\n<p>&nbsp;</p>\r\n\r\n<p><span style=\"font-size:18px\"><img alt=\"enlightened\" height=\"23\" src=\"http://www.memaker.co.kr/static/ckeditor/ckeditor/plugins/smiley/images/lightbulb.png\" title=\"enlightened\" width=\"23\" />키트 이미지</span></p>\r\n\r\n<p style=\"text-align:center\"><img alt=\"\" height=\"534\" src=\"/uploads/files/memaker/2019/01/11/_.png\" width=\"800\" /></p>\r\n\r\n<div style=\"text-align:center\">\r\n<figure class=\"image\" style=\"display:inline-block\"><img alt=\"\" height=\"534\" src=\"/uploads/files/memaker/2019/01/11/01_o.png\" width=\"800\" />\r\n<figcaption>조이스틱 키트 정면</figcaption>\r\n</figure>\r\n</div>\r\n\r\n<div style=\"text-align:center\">\r\n<figure class=\"image\" style=\"display:inline-block\"><img alt=\"\" height=\"534\" src=\"/uploads/files/memaker/2019/01/11/02_o.png\" width=\"800\" />\r\n<figcaption>조이스틱 키트 측면</figcaption>\r\n</figure>\r\n</div>\r\n\r\n<div style=\"text-align:center\">\r\n<figure class=\"image\" style=\"display:inline-block\"><img alt=\"\" height=\"534\" src=\"/uploads/files/memaker/2019/01/11/03_o.png\" width=\"800\" />\r\n<figcaption>조이스틱 키트 측면</figcaption>\r\n</figure>\r\n</div>\r\n\r\n<p>&nbsp;</p>\r\n\r\n<p><span style=\"font-size:18px\"><img alt=\"enlightened\" height=\"23\" src=\"http://www.memaker.co.kr/static/ckeditor/ckeditor/plugins/smiley/images/lightbulb.png\" title=\"enlightened\" width=\"23\" />조립 메뉴얼</span></p>\r\n\r\n<p>&nbsp;</p>\r\n\r\n<div style=\"text-align:center\">\r\n<figure class=\"image\" style=\"display:inline-block\"><img alt=\"\" height=\"1079\" src=\"/uploads/files/memaker/2019/01/11/__XhWnsI8.png\" width=\"757\" />\r\n<figcaption>조이스틱 만들기 키트 설명서</figcaption>\r\n</figure>\r\n</div>\r\n\r\n<p>&nbsp;</p>\r\n\r\n<p><span style=\"font-size:18px\"><img alt=\"enlightened\" height=\"23\" src=\"http://www.memaker.co.kr/static/ckeditor/ckeditor/plugins/smiley/images/lightbulb.png\" title=\"enlightened\" width=\"23\" />조립 과정</span></p>\r\n\r\n<div style=\"text-align:center\">\r\n<figure class=\"image\" style=\"display:inline-block\"><img alt=\"\" height=\"562\" src=\"/uploads/files/memaker/2019/01/11/_v20.gif\" width=\"800\" />\r\n<figcaption>조이스틱 만들기 키트 제작 애니메이션</figcaption>\r\n</figure>\r\n</div>\r\n\r\n<p>&nbsp;</p>\r\n\r\n<p><span style=\"font-size:18px\"><img alt=\"enlightened\" height=\"23\" src=\"http://www.memaker.co.kr/static/ckeditor/ckeditor/plugins/smiley/images/lightbulb.png\" title=\"enlightened\" width=\"23\" />엔트리 프로그램</span></p>\r\n\r\n<div style=\"text-align:center\">\r\n<figure class=\"image\" style=\"display:inline-block\"><img alt=\"\" height=\"366\" src=\"/uploads/files/memaker/2019/01/11/_1.png\" width=\"600\" />\r\n<figcaption>엔트리봇 미로탈출</figcaption>\r\n</figure>\r\n</div>\r\n\r\n<p><a href=\"http://naver.me/GOj5lFI1\"><span style=\"font-size:18px\"><img alt=\"yes\" height=\"23\" src=\"http://www.memaker.co.kr/static/ckeditor/ckeditor/plugins/smiley/images/thumbs_up.png\" title=\"yes\" width=\"23\" />조이스틱 만들기 게임 보러가기</span></a></p>\r\n\r\n<div style=\"text-align:center\">\r\n<figure class=\"image\" style=\"display:inline-block\"><img alt=\"\" height=\"363\" src=\"/uploads/files/memaker/2019/01/11/_2.png\" width=\"600\" />\r\n<figcaption>엔트리봇 지구를 지켜라</figcaption>\r\n</figure>\r\n</div>\r\n\r\n<p><a href=\"http://naver.me/I5lnp6Cu\"><span style=\"font-size:18px\"><img alt=\"yes\" height=\"23\" src=\"http://www.memaker.co.kr/static/ckeditor/ckeditor/plugins/smiley/images/thumbs_up.png\" title=\"yes\" width=\"23\" />조이스틱 만들기 게임 보러가기</span></a></p>','https://smartstore.naver.com/memaker_shop/products/4072201661',5),(6,'<p>스마트 스탠드 키트를 조립하고 나만의 무드등으로 활용해보세요.</p>\r\n\r\n<p>코딩은 단순하게 코딩으로 끝나는게 아니라 우리 생활에 유익함을 줄 수 있다는 것을 경험해보세요.</p>\r\n\r\n<p>내가 직접 만든 스마트 스탠드와 나만의 스타일에 맞게 만든 코드로 스마트 스탠드를 만들 수 있습니다.</p>\r\n\r\n<p>스마트 스탠드를 지금 만들어 보세요!</p>\r\n\r\n<p>본 키트에 활용되는 조도센서, LED 모듈은 미메이커 DIY 보드에 포한된 모듈입니다.(키트에 포함 x)</p>\r\n\r\n<p>&nbsp;</p>\r\n\r\n<p><span style=\"font-size:18px\"><img alt=\"enlightened\" height=\"23\" src=\"http://www.memaker.co.kr/static/ckeditor/ckeditor/plugins/smiley/images/lightbulb.png\" title=\"enlightened\" width=\"23\" />키트 이미지</span></p>\r\n\r\n<div style=\"text-align:center\">\r\n<figure class=\"image\" style=\"display:inline-block\"><img alt=\"\" height=\"534\" src=\"/uploads/files/memaker/2019/01/11/c92e5b679754fdba6597b01d606a151a_n6r73BQ.png\" width=\"800\" />\r\n<figcaption>스마트 스탠드 만들기 키트</figcaption>\r\n</figure>\r\n</div>\r\n\r\n<div style=\"text-align:center\">\r\n<figure class=\"image\" style=\"display:inline-block\"><img alt=\"\" height=\"534\" src=\"/uploads/files/memaker/2019/01/11/7db9166f0fe5f57e47394da27d69b5d6_RvEJO9T.png\" width=\"800\" />\r\n<figcaption>스마트 스탠드 키트 측면</figcaption>\r\n</figure>\r\n</div>\r\n\r\n<div style=\"text-align:center\">\r\n<figure class=\"image\" style=\"display:inline-block\"><img alt=\"\" height=\"534\" src=\"/uploads/files/memaker/2019/01/11/64db327cca63fa412ad916e85f616eb7_QXNx45t.png\" width=\"800\" />\r\n<figcaption>스마트 스탠드 만들기 키트 측면</figcaption>\r\n</figure>\r\n</div>\r\n\r\n<div style=\"text-align:center\">\r\n<figure class=\"image\" style=\"display:inline-block\"><img alt=\"\" height=\"534\" src=\"/uploads/files/memaker/2019/01/11/930a6464f49dea7cbea4a85bcc48ec63_UyWDHJ3.png\" width=\"800\" />\r\n<figcaption>스마트 스탠드 LED 모습</figcaption>\r\n</figure>\r\n</div>\r\n\r\n<div style=\"text-align:center\">\r\n<figure class=\"image\" style=\"display:inline-block\"><img alt=\"\" height=\"534\" src=\"/uploads/files/memaker/2019/01/11/a166e22464825a2d93b5c5909b859e23_QBYvDbW.png\" width=\"800\" />\r\n<figcaption>스마트 스탠드 조도센서 모습</figcaption>\r\n</figure>\r\n</div>\r\n\r\n<p>&nbsp;</p>\r\n\r\n<p><br />\r\n<span style=\"font-size:18px\"><img alt=\"enlightened\" height=\"23\" src=\"http://www.memaker.co.kr/static/ckeditor/ckeditor/plugins/smiley/images/lightbulb.png\" title=\"enlightened\" width=\"23\" />조립 메뉴얼</span></p>\r\n\r\n<div style=\"text-align:center\">\r\n<figure class=\"image\" style=\"display:inline-block\"><img alt=\"\" height=\"1079\" src=\"/uploads/files/memaker/2019/01/11/5486d578d16ab9e233caff8305d4cd7a_K8bPKzA.png\" width=\"763\" />\r\n<figcaption>스마트 스탠드 조립 설명서</figcaption>\r\n</figure>\r\n</div>\r\n\r\n<p>&nbsp;</p>\r\n\r\n<p>&nbsp;</p>\r\n\r\n<p><span style=\"font-size:18px\"><img alt=\"enlightened\" height=\"23\" src=\"http://www.memaker.co.kr/static/ckeditor/ckeditor/plugins/smiley/images/lightbulb.png\" title=\"enlightened\" width=\"23\" />조립 과정</span></p>\r\n\r\n<div style=\"text-align:center\">\r\n<figure class=\"image\" style=\"display:inline-block\"><img alt=\"\" height=\"581\" src=\"/uploads/files/memaker/2019/01/11/9d268babaaf14956c1a6078c0868347e_gg6NnZw.gif\" width=\"800\" />\r\n<figcaption>스마트 스탠드 조립 과정</figcaption>\r\n</figure>\r\n</div>\r\n\r\n<p>&nbsp;</p>\r\n\r\n<p><span style=\"font-size:18px\"><img alt=\"enlightened\" height=\"23\" src=\"http://www.memaker.co.kr/static/ckeditor/ckeditor/plugins/smiley/images/lightbulb.png\" title=\"enlightened\" width=\"23\" />엔트리 및 스크래치 프로그램</span></p>\r\n\r\n<div style=\"text-align:center\">\r\n<figure class=\"image\" style=\"display:inline-block\"><img alt=\"\" height=\"449\" src=\"/uploads/files/memaker/2019/01/11/__.png\" width=\"800\" />\r\n<figcaption>미메이커 스마트 스탠드 게임</figcaption>\r\n</figure>\r\n</div>\r\n\r\n<p><a href=\"http://naver.me/FfGJtcp8\"><span style=\"font-size:18px\"><img alt=\"yes\" height=\"23\" src=\"http://www.memaker.co.kr/static/ckeditor/ckeditor/plugins/smiley/images/thumbs_up.png\" title=\"yes\" width=\"23\" />미메이커 스마트 스탠드 게임 구경하러 가기</span></a></p>\r\n\r\n<p>&nbsp;</p>','https://smartstore.naver.com/memaker_shop/products/4072802435',6),(7,'<p>&nbsp;</p>\r\n\r\n<p>&nbsp;</p>\r\n\r\n<p>미메이커 코딩보드를 활용한 악어 복불복 키트 입니다.&nbsp;</p>\r\n\r\n<p>악어 복불복 키트는 무엇일까요?? 바로 랜덤한 경우에 따라 악어가 물고 물지 않고를 결정하는 게임 프로젝트 입니다.</p>\r\n\r\n<p>오늘의 술래는 누가 될지 악어 복불복 키트를 조립하고 코딩하여 결정해보세요!</p>\r\n\r\n<p>코딩 프로젝트도 즐기고 게임도 할 수 있는 코딩 놀이 학습 프로젝트로 여러분을 초대합니다.</p>\r\n\r\n<p>본 키트에 활용되는 서보모터, 서보모터 커넥터 모듈, 터치센서는 미메이커DIY 보드에 포한된 모듈입니다.(키트에 포함x)</p>\r\n\r\n<p>&nbsp;</p>\r\n\r\n<p><span style=\"font-size:18px\"><img alt=\"enlightened\" height=\"23\" src=\"http://www.memaker.co.kr/static/ckeditor/ckeditor/plugins/smiley/images/lightbulb.png\" title=\"enlightened\" width=\"23\" />키트 이미지</span></p>\r\n\r\n<p><span style=\"font-size:18px\">&nbsp;</span></p>\r\n\r\n<div style=\"text-align:center\">\r\n<figure class=\"image\" style=\"display:inline-block\"><img alt=\"\" height=\"534\" src=\"/uploads/files/memaker/2019/01/11/da43d8262dc2c2f349994afa3bc7a3d3.png\" width=\"800\" />\r\n<figcaption>&nbsp;악어 복불복 게임 키트</figcaption>\r\n</figure>\r\n</div>\r\n\r\n<div style=\"text-align:center\">\r\n<figure class=\"image\" style=\"display:inline-block\"><img alt=\"\" height=\"534\" src=\"/uploads/files/memaker/2019/01/11/f230b0c1532678c2f032404bfc6fe16d.png\" width=\"800\" />\r\n<figcaption>악어 복불복 게임 키트 측면</figcaption>\r\n</figure>\r\n</div>\r\n\r\n<div style=\"text-align:center\">\r\n<figure class=\"image\" style=\"display:inline-block\"><img alt=\"\" height=\"534\" src=\"/uploads/files/memaker/2019/01/11/823a7974dbbbdef15ebc9b8ccf3695a5.png\" width=\"800\" />\r\n<figcaption>악어 복불복 게임 키트 측면</figcaption>\r\n</figure>\r\n</div>\r\n\r\n<div style=\"text-align:center\">\r\n<figure class=\"image\" style=\"display:inline-block\"><img alt=\"\" height=\"534\" src=\"/uploads/files/memaker/2019/01/11/ac9cc05bd8a4c135fedb16efc7fa92c2.png\" width=\"800\" />\r\n<figcaption>악어 복불복 게임 키트 후면</figcaption>\r\n</figure>\r\n</div>\r\n\r\n<p><span style=\"font-size:18px\">&nbsp;</span></p>\r\n\r\n<p><span style=\"font-size:18px\"><img alt=\"enlightened\" height=\"23\" src=\"http://www.memaker.co.kr/static/ckeditor/ckeditor/plugins/smiley/images/lightbulb.png\" title=\"enlightened\" width=\"23\" />조립 메뉴얼</span></p>\r\n\r\n<p><span style=\"font-size:18px\">&nbsp;</span></p>\r\n\r\n<div style=\"text-align:center\">\r\n<figure class=\"image\" style=\"display:inline-block\"><img alt=\"\" height=\"1078\" src=\"/uploads/files/memaker/2019/01/11/6d72e6e0895ec8b7d84f51e02aac5643.jpg\" width=\"764\" />\r\n<figcaption>악어 복불복 게임 키트 조립 메뉴얼1</figcaption>\r\n</figure>\r\n</div>\r\n\r\n<div style=\"text-align:center\">\r\n<figure class=\"image\" style=\"display:inline-block\"><img alt=\"\" height=\"1080\" src=\"/uploads/files/memaker/2019/01/11/07b70c5d4debc2fc265b888b2ad97c6b.jpg\" width=\"765\" />\r\n<figcaption>악어 복불복 게임 키트2</figcaption>\r\n</figure>\r\n</div>\r\n\r\n<p><span style=\"font-size:18px\">&nbsp;</span></p>\r\n\r\n<p><span style=\"font-size:18px\"><img alt=\"enlightened\" height=\"23\" src=\"http://www.memaker.co.kr/static/ckeditor/ckeditor/plugins/smiley/images/lightbulb.png\" title=\"enlightened\" width=\"23\" />조립 과정</span></p>\r\n\r\n<div style=\"text-align:center\">\r\n<figure class=\"image\" style=\"display:inline-block\"><img alt=\"\" height=\"604\" src=\"/uploads/files/memaker/2019/01/11/ef119124f1427f676f567faa30cd4a2c.gif\" width=\"800\" />\r\n<figcaption>악어 복불복 게임 키트 조립 과정 머리 부분</figcaption>\r\n</figure>\r\n</div>\r\n\r\n<div style=\"text-align:center\">\r\n<figure class=\"image\" style=\"display:inline-block\"><img alt=\"\" height=\"604\" src=\"/uploads/files/memaker/2019/01/11/90c632d964aeb8bcaf9ebd8676ed95b3.gif\" width=\"800\" />\r\n<figcaption>악어 복불복 게임 키트 턱 부분</figcaption>\r\n</figure>\r\n</div>\r\n\r\n<p>&nbsp;</p>\r\n\r\n<p>&nbsp;</p>\r\n\r\n<p>&nbsp;</p>\r\n\r\n<p><span style=\"font-size:18px\"><img alt=\"enlightened\" height=\"23\" src=\"http://www.memaker.co.kr/static/ckeditor/ckeditor/plugins/smiley/images/lightbulb.png\" title=\"enlightened\" width=\"23\" />엔트리 및 스크래치 프로그램</span></p>\r\n\r\n<div style=\"text-align:center\">\r\n<figure class=\"image\" style=\"display:inline-block\"><img alt=\"\" height=\"576\" src=\"/uploads/files/memaker/2019/01/11/fd90a139883dad28869629202a9a6963.png\" width=\"800\" />\r\n<figcaption>악어 늪지대 탈출 마블</figcaption>\r\n</figure>\r\n</div>\r\n\r\n<p><span style=\"font-size:18px\"><a href=\"http://naver.me/FGmT5MaA\"><img alt=\"yes\" height=\"23\" src=\"http://www.memaker.co.kr/static/ckeditor/ckeditor/plugins/smiley/images/thumbs_up.png\" title=\"yes\" width=\"23\" />미메이커 스마트 스탠드 게임 구경하러 가기</a></span>&nbsp;</p>\r\n\r\n<div style=\"text-align:center\">\r\n<figure class=\"image\" style=\"display:inline-block\"><img alt=\"\" height=\"586\" src=\"/uploads/files/memaker/2019/01/11/10274170f51fb63c0326a635dcff7cee.png\" width=\"800\" />\r\n<figcaption>악어 복불복 게임</figcaption>\r\n</figure>\r\n</div>\r\n\r\n<p><span style=\"font-size:18px\"><a href=\"http://naver.me/FGmT5MaA\"><img alt=\"yes\" height=\"23\" src=\"http://www.memaker.co.kr/static/ckeditor/ckeditor/plugins/smiley/images/thumbs_up.png\" title=\"yes\" width=\"23\" />미메이커 스마트 스탠드 게임 구경하러 가기</a></span><a href=\"http://naver.me/Fg8GjnHA\">&nbsp;<span style=\"font-size:18px\">&nbsp;</span></a></p>','https://smartstore.naver.com/memaker_shop/products/4072126093',7),(8,'<p><span style=\"font-size:14px\">미메이커 코딩보드를 이용하여 재미있는 자동차 스마트 주차장을 만들어보세요!</span></p>\r\n\r\n<p><span style=\"font-size:14px\">요즘 마트나 쇼핑센터에 가면 스마트 주차장으로 변해있는 모습을 쉽게 찾아 볼 수 있었습니다.</span></p>\r\n\r\n<p><span style=\"font-size:14px\">이제 스마트 주차장을 직접 만들고 갖고 놀아보세요!</span></p>\r\n\r\n<p><span style=\"font-size:14px\">차가 있을 때와 없을 때를 정확하게 구분해주는 스마트 주차장을 만들고 코딩 해보세요!</span></p>\r\n\r\n<p><span style=\"font-size:14px\"><cite>본 키트에 활용되는 장애물 회피센서, RGB LED는 미메이커 DIY 보드에 포함된 모듈입니다.(키트에 포함x)</cite></span></p>\r\n\r\n<p>&nbsp;</p>\r\n\r\n<p><span style=\"font-size:18px\"><img alt=\"enlightened\" height=\"23\" src=\"http://www.memaker.co.kr/static/ckeditor/ckeditor/plugins/smiley/images/lightbulb.png\" title=\"enlightened\" width=\"23\" />키트 이미지</span></p>\r\n\r\n<div style=\"text-align:center\">\r\n<figure class=\"image\" style=\"display:inline-block\"><img alt=\"\" height=\"534\" src=\"/uploads/files/memaker/2019/01/12/d12d77a488459d7ad567cd35d6ae69f9.png\" width=\"800\" />\r\n<figcaption>스마트 주차장 만들기 키트</figcaption>\r\n</figure>\r\n</div>\r\n\r\n<p>&nbsp;</p>\r\n\r\n<div style=\"text-align:center\">\r\n<figure class=\"image\" style=\"display:inline-block\"><img alt=\"\" height=\"534\" src=\"/uploads/files/memaker/2019/01/12/0fb44f90ceaac77a95108002f9203be0.png\" width=\"800\" />\r\n<figcaption>스마트 주차장 만들기 키트 측면</figcaption>\r\n</figure>\r\n</div>\r\n\r\n<p>&nbsp;</p>\r\n\r\n<div style=\"text-align:center\">\r\n<figure class=\"image\" style=\"display:inline-block\"><img alt=\"\" height=\"534\" src=\"/uploads/files/memaker/2019/01/12/8fdca034ff57c0306c86017668c129a9.png\" width=\"800\" />\r\n<figcaption>스마트 주차장 만들기 키트 정면</figcaption>\r\n</figure>\r\n</div>\r\n\r\n<p>&nbsp;</p>\r\n\r\n<div style=\"text-align:center\">\r\n<figure class=\"image\" style=\"display:inline-block\"><img alt=\"\" height=\"534\" src=\"/uploads/files/memaker/2019/01/12/39f3c2948dca9543116f7a02922c483f.png\" width=\"800\" />\r\n<figcaption>스마트 주차장 만들기 키트 측면</figcaption>\r\n</figure>\r\n</div>\r\n\r\n<p>&nbsp;</p>\r\n\r\n<div style=\"text-align:center\">\r\n<figure class=\"image\" style=\"display:inline-block\"><img alt=\"\" height=\"618\" src=\"/uploads/files/memaker/2019/01/12/506f9ed5fb8557514bae90f61ad19e0a.jpg\" width=\"800\" />\r\n<figcaption>스마트 주차장 만들기 키트 장애물 회피센서 부분</figcaption>\r\n</figure>\r\n</div>\r\n\r\n<p>&nbsp;</p>\r\n\r\n<div style=\"text-align:center\">\r\n<figure class=\"image\" style=\"display:inline-block\"><img alt=\"\" height=\"551\" src=\"/uploads/files/memaker/2019/01/12/2490b815985be3f6826e0c7042bbe188.jpg\" width=\"800\" />\r\n<figcaption>스마트 주차장 만들기 키트 하단 부분</figcaption>\r\n</figure>\r\n</div>\r\n\r\n<p>&nbsp;</p>\r\n\r\n<div style=\"text-align:center\">\r\n<figure class=\"image\" style=\"display:inline-block\"><img alt=\"\" height=\"823\" src=\"/uploads/files/memaker/2019/01/12/ff49a18eef25281ec4ac4363eb3c3c7e.jpg\" width=\"800\" />\r\n<figcaption>스마트 주차장 만들기 키트 바닥 부분</figcaption>\r\n</figure>\r\n</div>\r\n\r\n<p>&nbsp;</p>\r\n\r\n<p><span style=\"font-size:18px\"><img alt=\"enlightened\" height=\"23\" src=\"http://www.memaker.co.kr/static/ckeditor/ckeditor/plugins/smiley/images/lightbulb.png\" title=\"enlightened\" width=\"23\" />조립 메뉴얼</span></p>\r\n\r\n<div style=\"text-align:center\">\r\n<figure class=\"image\" style=\"display:inline-block\"><img alt=\"\" height=\"909\" src=\"/uploads/files/memaker/2019/01/12/b27cce0504a6541e3579c7a98891836f.jpg\" width=\"639\" />\r\n<figcaption>스마트 주차장 만들기 키트 조립 메뉴얼</figcaption>\r\n</figure>\r\n</div>\r\n\r\n<p>&nbsp;</p>\r\n\r\n<p><span style=\"font-size:18px\"><img alt=\"enlightened\" height=\"23\" src=\"http://www.memaker.co.kr/static/ckeditor/ckeditor/plugins/smiley/images/lightbulb.png\" title=\"enlightened\" width=\"23\" />조립 과정</span></p>\r\n\r\n<div style=\"text-align:center\">\r\n<figure class=\"image\" style=\"display:inline-block\"><img alt=\"\" height=\"571\" src=\"/uploads/files/memaker/2019/01/12/__01.gif\" width=\"800\" />\r\n<figcaption>스마트 주차장 만들기 키트 제작과정 장애물 회피센서 부분</figcaption>\r\n</figure>\r\n</div>\r\n\r\n<p>&nbsp;</p>\r\n\r\n<div style=\"text-align:center\">\r\n<figure class=\"image\" style=\"display:inline-block\"><img alt=\"\" height=\"571\" src=\"/uploads/files/memaker/2019/01/12/__02.gif\" width=\"800\" />\r\n<figcaption>스마트 주차장 만들기 키트 제작과정 RGB LED 부분</figcaption>\r\n</figure>\r\n</div>\r\n\r\n<p>&nbsp;</p>\r\n\r\n<p><span style=\"font-size:18px\"><img alt=\"enlightened\" height=\"23\" src=\"http://www.memaker.co.kr/static/ckeditor/ckeditor/plugins/smiley/images/lightbulb.png\" title=\"enlightened\" width=\"23\" />엔트리 또는 스크래치 프로그램</span></p>\r\n\r\n<p><span style=\"font-size:16px\">지속적으로 관련 컨텐츠가 업데이트 될 예정입니다.</span></p>\r\n\r\n<p><span style=\"font-size:16px\">감사합니다.</span></p>\r\n\r\n<p>&nbsp;</p>\r\n\r\n<p>&nbsp;</p>','https://smartstore.naver.com/memaker_shop/products/4072822510',8),(9,'<p><span style=\"font-size:14px\">미메이커 코딩보드를 이용하여 재미있는 주차장 차단기를 만들어 봅시다!</span></p>\r\n\r\n<p><span style=\"font-size:14px\">자동차 여행을 하면 자주 만나게 되는 주차장 차단기 볼 때마다 신기하고 어떻게 작동하는지 궁금했다면</span></p>\r\n\r\n<p><span style=\"font-size:14px\">이제 주차장 차단기 프로젝트로 직접 만들어보고 그 원리도 이해해보세요!</span></p>\r\n\r\n<p><span style=\"font-size:14px\">나의 아이디어를 더해 재미있게 작동하는 주차장 차단기를 코딩해 볼 수 있습니다!</span></p>\r\n\r\n<p><span style=\"font-size:14px\"><cite>본 키트에 활용되는 장애물 회피센서,서보 모터, 서보 모터 커넥터 모듈은&nbsp;미메이커 DIY 보드에 포함된 모듈입니다.(키트에 포함x)</cite></span></p>\r\n\r\n<p>&nbsp;</p>\r\n\r\n<p><span style=\"font-size:18px\"><img alt=\"enlightened\" height=\"23\" src=\"http://www.memaker.co.kr/static/ckeditor/ckeditor/plugins/smiley/images/lightbulb.png\" title=\"enlightened\" width=\"23\" />키트 이미지</span></p>\r\n\r\n<div style=\"text-align:center\">\r\n<figure class=\"image\" style=\"display:inline-block\"><img alt=\"\" height=\"534\" src=\"/uploads/files/memaker/2019/01/12/__gNyoYIw.png\" width=\"800\" />\r\n<figcaption>주차장 차단기 만들기 키트</figcaption>\r\n</figure>\r\n</div>\r\n\r\n<p>&nbsp;</p>\r\n\r\n<div style=\"text-align:center\">\r\n<figure class=\"image\" style=\"display:inline-block\"><img alt=\"\" height=\"534\" src=\"/uploads/files/memaker/2019/01/12/_01_o.png\" width=\"800\" />\r\n<figcaption>주차장 차단기 만들기 키트 정면</figcaption>\r\n</figure>\r\n</div>\r\n\r\n<p>&nbsp;</p>\r\n\r\n<div style=\"text-align:center\">\r\n<figure class=\"image\" style=\"display:inline-block\"><img alt=\"\" height=\"534\" src=\"/uploads/files/memaker/2019/01/12/_02_o.png\" width=\"800\" />\r\n<figcaption>주차장 차단기 만들기 키트 차단 바 작동</figcaption>\r\n</figure>\r\n</div>\r\n\r\n<p>&nbsp;</p>\r\n\r\n<div style=\"text-align:center\">\r\n<figure class=\"image\" style=\"display:inline-block\"><img alt=\"\" height=\"534\" src=\"/uploads/files/memaker/2019/01/12/_03_o.png\" width=\"800\" />\r\n<figcaption>주차장 차단기 만들기 키트 측면</figcaption>\r\n</figure>\r\n</div>\r\n\r\n<p>&nbsp;</p>\r\n\r\n<div style=\"text-align:center\">\r\n<figure class=\"image\" style=\"display:inline-block\"><img alt=\"\" height=\"534\" src=\"/uploads/files/memaker/2019/01/12/_04_o.png\" width=\"800\" />\r\n<figcaption>주차장 차단기 만들기 키트 장애물 회피센서</figcaption>\r\n</figure>\r\n</div>\r\n\r\n<p>&nbsp;</p>\r\n\r\n<p><span style=\"font-size:18px\"><img alt=\"enlightened\" height=\"23\" src=\"http://www.memaker.co.kr/static/ckeditor/ckeditor/plugins/smiley/images/lightbulb.png\" title=\"enlightened\" width=\"23\" />조립 메뉴얼</span></p>\r\n\r\n<div style=\"text-align:center\">\r\n<figure class=\"image\" style=\"display:inline-block\"><img alt=\"\" height=\"1079\" src=\"/uploads/files/memaker/2019/01/12/_01.png\" width=\"763\" />\r\n<figcaption>주차장 차단기 만들기 키트 조립 메뉴얼 첫 장</figcaption>\r\n</figure>\r\n</div>\r\n\r\n<p>&nbsp;</p>\r\n\r\n<div style=\"text-align:center\">\r\n<figure class=\"image\" style=\"display:inline-block\"><img alt=\"\" height=\"1079\" src=\"/uploads/files/memaker/2019/01/12/_02.png\" width=\"765\" />\r\n<figcaption>주차장 차단기 만들기 키트 두 번째 장</figcaption>\r\n</figure>\r\n</div>\r\n\r\n<p>&nbsp;</p>\r\n\r\n<p>&nbsp;</p>\r\n\r\n<p><span style=\"font-size:18px\"><img alt=\"enlightened\" height=\"23\" src=\"http://www.memaker.co.kr/static/ckeditor/ckeditor/plugins/smiley/images/lightbulb.png\" title=\"enlightened\" width=\"23\" />조립 과정</span></p>\r\n\r\n<div style=\"text-align:center\">\r\n<figure class=\"image\" style=\"display:inline-block\"><img alt=\"\" height=\"666\" src=\"/uploads/files/memaker/2019/01/12/__01_Z7LtRAI.gif\" width=\"800\" />\r\n<figcaption>주차장 차단기 만들기 키트 서보모터와 장애물 회피센서 조립 과정</figcaption>\r\n</figure>\r\n</div>\r\n\r\n<p>&nbsp;</p>\r\n\r\n<div style=\"text-align:center\">\r\n<figure class=\"image\" style=\"display:inline-block\"><img alt=\"\" height=\"666\" src=\"/uploads/files/memaker/2019/01/12/__02_eWdTyAH.gif\" width=\"800\" />\r\n<figcaption>주차장 차단기 만들기 키트 서보모터 커넥터와 차단기 바 조립 과정</figcaption>\r\n</figure>\r\n</div>\r\n\r\n<p>&nbsp;</p>\r\n\r\n<div style=\"text-align:center\">\r\n<figure class=\"image\" style=\"display:inline-block\"><img alt=\"\" height=\"666\" src=\"/uploads/files/memaker/2019/01/12/__03.gif\" width=\"800\" />\r\n<figcaption>주차장 차단기 만들기 키트 전체 최종 조립 과정</figcaption>\r\n</figure>\r\n</div>\r\n\r\n<p>&nbsp;</p>\r\n\r\n<p><span style=\"font-size:18px\"><img alt=\"enlightened\" height=\"23\" src=\"http://www.memaker.co.kr/static/ckeditor/ckeditor/plugins/smiley/images/lightbulb.png\" title=\"enlightened\" width=\"23\" />엔트리 또는 스크래치 프로그램</span></p>\r\n\r\n<p><span style=\"font-size:16px\">지속적으로 관련 컨텐츠가 업데이트 될 예정입니다.</span></p>\r\n\r\n<p><span style=\"font-size:16px\">감사합니다.</span></p>\r\n\r\n<p>&nbsp;</p>','https://smartstore.naver.com/memaker_shop/products/4072884827',9),(10,'<p><span style=\"font-size:14px\">미메이커 코딩보드를 이용하여 친구들과 시합하거나 경쟁할 수 있는 초시계를 만들고 코딩해보세요!</span></p>\r\n\r\n<p><span style=\"font-size:14px\">그 동안 핸드폰 초시계와 스탑워치를 이용했다면, 나만의 초시계를 만들고 코딩을 해보세요.</span></p>\r\n\r\n<p><span style=\"font-size:14px\">숫자로 만든 일반적인 초시계가 아닌 ABCD 영어로 표시되는 독특한 초시계도 코딩해보는&nbsp;</span></p>\r\n\r\n<p><span style=\"font-size:14px\">나만의 초시계 만들기 코딩의 세계로 여러분을 초대합니다.</span></p>\r\n\r\n<p><span style=\"font-size:14px\">자 초시계 메이커 코딩의 세계로 떠날 준비가 되었다면 출발~</span></p>\r\n\r\n<p><span style=\"font-size:14px\"><cite>본 키트에 활용되는 LCD, LCD 커넥터 모듈, 버튼 모듈은&nbsp;미메이커 DIY 보드에 포함된 모듈입니다.(키트에 포함x)</cite></span></p>\r\n\r\n<p>&nbsp;</p>\r\n\r\n<p><span style=\"font-size:18px\"><img alt=\"enlightened\" height=\"23\" src=\"http://www.memaker.co.kr/static/ckeditor/ckeditor/plugins/smiley/images/lightbulb.png\" title=\"enlightened\" width=\"23\" />키트 이미지</span></p>\r\n\r\n<div style=\"text-align:center\">\r\n<figure class=\"image\" style=\"display:inline-block\"><img alt=\"\" height=\"534\" src=\"/uploads/files/memaker/2019/01/12/af92d49721da7670d9c2acc4adae88e1.png\" width=\"800\" />\r\n<figcaption>스탑워치 만들기 키트</figcaption>\r\n</figure>\r\n</div>\r\n\r\n<p>&nbsp;</p>\r\n\r\n<div style=\"text-align:center\">\r\n<figure class=\"image\" style=\"display:inline-block\"><img alt=\"\" height=\"534\" src=\"/uploads/files/memaker/2019/01/12/c061713616a0778621e5257f91ba1858.png\" width=\"800\" />\r\n<figcaption>스탑워치 만들기 키트 측면</figcaption>\r\n</figure>\r\n</div>\r\n\r\n<p>&nbsp;</p>\r\n\r\n<div style=\"text-align:center\">\r\n<figure class=\"image\" style=\"display:inline-block\"><img alt=\"\" height=\"534\" src=\"/uploads/files/memaker/2019/01/12/e0f9538d9519f4522fb2ab34b534adb1.png\" width=\"800\" />\r\n<figcaption>스탑워치 만들기 키트 정면</figcaption>\r\n</figure>\r\n</div>\r\n\r\n<p>&nbsp;</p>\r\n\r\n<div style=\"text-align:center\">\r\n<figure class=\"image\" style=\"display:inline-block\"><img alt=\"\" height=\"534\" src=\"/uploads/files/memaker/2019/01/12/ea8b1872b9d0d18cb637d59a3c5a9072.png\" width=\"800\" />\r\n<figcaption>스탑워치 만들기 키트 하단</figcaption>\r\n</figure>\r\n</div>\r\n\r\n<p>&nbsp;</p>\r\n\r\n<div style=\"text-align:center\">\r\n<figure class=\"image\" style=\"display:inline-block\"><img alt=\"\" height=\"534\" src=\"/uploads/files/memaker/2019/01/12/9379b61e3f217b1bbef213701c7d2c59.png\" width=\"800\" />\r\n<figcaption>스탑워치 만들기 키트 측면</figcaption>\r\n</figure>\r\n</div>\r\n\r\n<p>&nbsp;</p>\r\n\r\n<p><span style=\"font-size:18px\"><img alt=\"enlightened\" height=\"23\" src=\"http://www.memaker.co.kr/static/ckeditor/ckeditor/plugins/smiley/images/lightbulb.png\" title=\"enlightened\" width=\"23\" />조립 메뉴얼</span></p>\r\n\r\n<div style=\"text-align:center\">\r\n<figure class=\"image\" style=\"display:inline-block\"><img alt=\"\" height=\"913\" src=\"/uploads/files/memaker/2019/01/12/aa0921c2b043b87832a65cff0782f908.png\" width=\"637\" />\r\n<figcaption>스탑워치 만들기 키트 조립 메뉴얼</figcaption>\r\n</figure>\r\n</div>\r\n\r\n<p>&nbsp;</p>\r\n\r\n<p><span style=\"font-size:18px\"><img alt=\"enlightened\" height=\"23\" src=\"http://www.memaker.co.kr/static/ckeditor/ckeditor/plugins/smiley/images/lightbulb.png\" title=\"enlightened\" width=\"23\" />조립 과정</span></p>\r\n\r\n<div style=\"text-align:center\">\r\n<figure class=\"image\" style=\"display:inline-block\"><img alt=\"\" height=\"605\" src=\"/uploads/files/memaker/2019/01/12/37e5440bfb823b517ddcc163b298c673.gif\" width=\"800\" />\r\n<figcaption>스탑워치 만들기 키트 조립 과정</figcaption>\r\n</figure>\r\n</div>\r\n\r\n<p>&nbsp;</p>\r\n\r\n<p><span style=\"font-size:18px\"><img alt=\"enlightened\" height=\"23\" src=\"http://www.memaker.co.kr/static/ckeditor/ckeditor/plugins/smiley/images/lightbulb.png\" title=\"enlightened\" width=\"23\" />엔트리 또는 스크래치 프로그램</span></p>\r\n\r\n<p><span style=\"font-size:16px\">지속적으로 관련 컨텐츠가 업데이트 될 예정입니다.</span></p>\r\n\r\n<p><span style=\"font-size:16px\">감사합니다.</span></p>\r\n\r\n<p>&nbsp;</p>','https://smartstore.naver.com/memaker_shop/products/4072905627',10),(11,'<p><span style=\"font-size:16px\"><span style=\"color:#c0392b\">미메이커 코딩보드를 이용하여 은은한 플라워 무드등을 만들어보세요!</span><br />\r\n요즘 다들 갬성갬성 하지 않습니까? 이 갬성의 시대에 나도 플라워무드등 하나 놓고 나만의 갬성을 즐겨보세요~!<br />\r\n만들기 쉽고 코딩하기 쉬운 플라워 무드등으로 메이커 코딩에 입문해보세요!<br />\r\n<cite>본 키트에 활용되는 LED모듈은 미메이커 DIY 보드에 포함된 모듈입니다.(키트에 포함x)</cite></span></p>\r\n\r\n<p>&nbsp;</p>\r\n\r\n<p><span style=\"font-size:18px\"><img alt=\"enlightened\" height=\"23\" src=\"http://www.memaker.co.kr/static/ckeditor/ckeditor/plugins/smiley/images/lightbulb.png\" title=\"enlightened\" width=\"23\" />키트 이미지</span></p>\r\n\r\n<div style=\"text-align:center\">\r\n<figure class=\"image\" style=\"display:inline-block\"><img alt=\"\" height=\"534\" src=\"/uploads/files/memaker/2019/01/12/7d37ea58df532b78a005cce4926ef1f6.png\" width=\"800\" />\r\n<figcaption>꽃 무드등 만들기 키트</figcaption>\r\n</figure>\r\n</div>\r\n\r\n<div style=\"text-align:center\">\r\n<figure class=\"image\" style=\"display:inline-block\"><img alt=\"\" height=\"534\" src=\"/uploads/files/memaker/2019/01/12/8a1869e2edc3bd1eb9bdb90c95494237.png\" width=\"800\" />\r\n<figcaption>꽃 무드등 만들기 키트 측면 첫 번째 이미지</figcaption>\r\n</figure>\r\n</div>\r\n\r\n<div style=\"text-align:center\">\r\n<figure class=\"image\" style=\"display:inline-block\"><img alt=\"\" height=\"534\" src=\"/uploads/files/memaker/2019/01/12/20cb392505f80b2876bfa0cb6a3dd488.png\" width=\"800\" />\r\n<figcaption>꽃 무드등 만들기 키트 윗면 첫 번째 이미지</figcaption>\r\n</figure>\r\n</div>\r\n\r\n<div style=\"text-align:center\">\r\n<figure class=\"image\" style=\"display:inline-block\"><img alt=\"\" height=\"534\" src=\"/uploads/files/memaker/2019/01/12/d493edd5310220076a6458983a798e85.png\" width=\"800\" />\r\n<figcaption>꽃 무드등 만들기 키트 윗면 두 번째 이미지</figcaption>\r\n</figure>\r\n</div>\r\n\r\n<div style=\"text-align:center\">\r\n<figure class=\"image\" style=\"display:inline-block\"><img alt=\"\" height=\"534\" src=\"/uploads/files/memaker/2019/01/12/f8be98cf4205d9df7d107352540ca7d1.png\" width=\"800\" />\r\n<figcaption>꽃 무드등 만들기 키트 측면 두 번째 이미지</figcaption>\r\n</figure>\r\n</div>\r\n\r\n<p>&nbsp;</p>\r\n\r\n<p><span style=\"font-size:18px\"><img alt=\"enlightened\" height=\"23\" src=\"http://www.memaker.co.kr/static/ckeditor/ckeditor/plugins/smiley/images/lightbulb.png\" title=\"enlightened\" width=\"23\" />조립 메뉴얼</span></p>\r\n\r\n<div style=\"text-align:center\">\r\n<figure class=\"image\" style=\"display:inline-block\"><img alt=\"\" height=\"1079\" src=\"/uploads/files/memaker/2019/01/12/a46450162ac8a7d4d4fec8c46514afc8.png\" width=\"765\" />\r\n<figcaption>꽃 무드등 만들기 키트 조립 메뉴얼</figcaption>\r\n</figure>\r\n</div>\r\n\r\n<p>&nbsp;</p>\r\n\r\n<p><span style=\"font-size:18px\"><img alt=\"enlightened\" height=\"23\" src=\"http://www.memaker.co.kr/static/ckeditor/ckeditor/plugins/smiley/images/lightbulb.png\" title=\"enlightened\" width=\"23\" />조립 과정</span></p>\r\n\r\n<div style=\"text-align:center\">\r\n<figure class=\"image\" style=\"display:inline-block\"><img alt=\"\" height=\"581\" src=\"/uploads/files/memaker/2019/01/12/2f6e234da424fd097e933ddc24f0ab0c.gif\" width=\"800\" />\r\n<figcaption>꽃 무드등 만들기 키트 조립 과정</figcaption>\r\n</figure>\r\n</div>\r\n\r\n<p>&nbsp;</p>\r\n\r\n<p><span style=\"font-size:18px\"><img alt=\"enlightened\" height=\"23\" src=\"http://www.memaker.co.kr/static/ckeditor/ckeditor/plugins/smiley/images/lightbulb.png\" title=\"enlightened\" width=\"23\" />엔트리 또는 스크래치 프로그램</span></p>\r\n\r\n<p><span style=\"font-size:16px\">지속적으로 관련 컨텐츠가 업데이트 될 예정입니다.</span></p>\r\n\r\n<p><span style=\"font-size:16px\">감사합니다.</span></p>\r\n\r\n<p>&nbsp;</p>','https://smartstore.naver.com/memaker_shop/products/4072956332',11),(12,'<p><span style=\"font-size:16px\">본 도서는 초등학교 실과시간에 도입되는 코딩교육에 완벽한 대비를 할 수 있도록 다양한 전문가와 교사의 검토를 마친</span></p>\r\n\r\n<p><span style=\"font-size:16px\">교육 도서로서 학생들에게 코딩에 대한 배경지식과 기초적인 코딩에 이해를 도울 수 있는 다양한 내용을 수록하고 있습니다.</span></p>\r\n\r\n<p><span style=\"font-size:16px\">본 교재는 미메이커 보드가 필수적입니다. 미메이커 보드를 활용하면&nbsp;다양한 로봇코딩의 원리와 개념을 블록코딩 프로그램인 &#39;엔트리&#39;를 활용하여 학습 할 수 있도록 안내를 하고 있습니다. 그리고 미메이커 보드와 함께 사용할 수있는 다양한 프로젝트 키트를 활용하면 더욱 완성도 있는 작품을 만들면서 코딩과 메이커 활동을 동시에 경험할 수 있는 좋은 가이드가 될 것입니다.</span></p>\r\n\r\n<p><span style=\"font-size:16px\">본 도서는 &#39;미메이커 코딩보드&#39;를 이용한 피지컬 컴퓨팅 교육과정을 체계적으로 다루고 있기 때문에 학생들의 알고리즘 능력 배양 뿐만 아니라 창의 제작 체험을 통해 다양한 역량을 배양하여 4차 산업시대에 꼭 필요한 인재를 양성하는 데 필수적인 지식과 활동을 정리하였습니다.</span></p>\r\n\r\n<p><span style=\"font-size:16px\">본 도서를 통해 학생들은 창의력과 컴퓨팅적 사고력을 키우고, 선생님은 전문성을 향상 시킬 수 있도록 안내하고 있습니다.</span></p>\r\n\r\n<hr />\r\n<p><span style=\"font-size:20px\"><img alt=\"enlightened\" height=\"23\" src=\"http://www.memaker.co.kr/static/ckeditor/ckeditor/plugins/smiley/images/lightbulb.png\" title=\"enlightened\" width=\"23\" /><strong>교재 미리보기</strong></span></p>\r\n\r\n<p><span style=\"font-size:18px\">본 교재가 제공하는 다양한 특징들을 통해서 학습자분들의 코딩 학습 뿐만 아니라, 교육자분들도 쉽고 재미있는 수업이 될 수 있습니다.</span></p>\r\n\r\n<div style=\"text-align:center\">\r\n<figure class=\"image\" style=\"display:inline-block\"><img alt=\"\" height=\"543\" src=\"/uploads/files/memaker/2019/01/12/cap-2018-08-01-14-34-31-378.png\" width=\"800\" />\r\n<figcaption>로봇 코딩의 이해 표지</figcaption>\r\n</figure>\r\n</div>\r\n\r\n<p>&nbsp;</p>\r\n\r\n<p><span style=\"font-size:20px\"><img alt=\"enlightened\" height=\"23\" src=\"http://www.memaker.co.kr/static/ckeditor/ckeditor/plugins/smiley/images/lightbulb.png\" title=\"enlightened\" width=\"23\" /><strong>목차 구성</strong></span></p>\r\n\r\n<div style=\"text-align:center\">\r\n<figure class=\"image\" style=\"display:inline-block\"><img alt=\"\" height=\"518\" src=\"/uploads/files/memaker/2019/01/12/cap-2018-08-01-14-32-16-515.png\" width=\"800\" />\r\n<figcaption>로봇 코딩의 이해 목차</figcaption>\r\n</figure>\r\n</div>\r\n\r\n<p><span style=\"font-size:20px\"><img alt=\"enlightened\" height=\"23\" src=\"http://www.memaker.co.kr/static/ckeditor/ckeditor/plugins/smiley/images/lightbulb.png\" title=\"enlightened\" width=\"23\" /><strong>교재의 특징</strong></span></p>\r\n\r\n<div style=\"text-align:center\">\r\n<figure class=\"image\" style=\"display:inline-block\"><img alt=\"\" height=\"690\" src=\"/uploads/files/memaker/2019/01/12/cap-2018-08-01-14-31-35-345.png\" width=\"603\" />\r\n<figcaption>로봇 코딩의 이해 특징 1</figcaption>\r\n</figure>\r\n</div>\r\n\r\n<p>&nbsp;</p>\r\n\r\n<div style=\"text-align:center\">\r\n<figure class=\"image\" style=\"display:inline-block\"><img alt=\"\" height=\"532\" src=\"/uploads/files/memaker/2019/01/12/cap-2018-08-01-14-31-51-411.png\" width=\"603\" />\r\n<figcaption>로봇 코딩의 이해 특징 2</figcaption>\r\n</figure>\r\n</div>\r\n\r\n<p>&nbsp;</p>\r\n\r\n<p>&nbsp;</p>\r\n\r\n<p><span style=\"font-size:20px\"><img alt=\"enlightened\" height=\"23\" src=\"http://www.memaker.co.kr/static/ckeditor/ckeditor/plugins/smiley/images/lightbulb.png\" title=\"enlightened\" width=\"23\" /><strong>교재 내용 살펴보기</strong></span></p>\r\n\r\n<div style=\"text-align:center\">\r\n<figure class=\"image\" style=\"display:inline-block\"><img alt=\"\" height=\"533\" src=\"/uploads/files/memaker/2019/01/12/cap-2018-08-01-14-33-11-521.png\" width=\"800\" />\r\n<figcaption>로봇 코딩의 이해 본문내용(6컷 만화 및 학습목표)</figcaption>\r\n</figure>\r\n</div>\r\n\r\n<p>&nbsp;</p>\r\n\r\n<div style=\"text-align:center\">\r\n<figure class=\"image\" style=\"display:inline-block\"><img alt=\"\" height=\"533\" src=\"/uploads/files/memaker/2019/01/12/cap-2018-08-01-14-33-23-506.jpg\" width=\"800\" />\r\n<figcaption>로봇 코딩의 이해 본문내용(학습 주제 안내 및 키트 안내)</figcaption>\r\n</figure>\r\n</div>\r\n\r\n<p>&nbsp;</p>\r\n\r\n<div style=\"text-align:center\">\r\n<figure class=\"image\" style=\"display:inline-block\"><img alt=\"\" height=\"533\" src=\"/uploads/files/memaker/2019/01/12/cap-2018-08-01-14-33-29-655.jpg\" width=\"800\" />\r\n<figcaption>로봇 코딩의 이해 본문내용(키트 조립 설명)</figcaption>\r\n</figure>\r\n</div>\r\n\r\n<p>&nbsp;</p>\r\n\r\n<div style=\"text-align:center\">\r\n<figure class=\"image\" style=\"display:inline-block\"><img alt=\"\" height=\"533\" src=\"/uploads/files/memaker/2019/01/12/cap-2018-08-01-14-33-35-072.png\" width=\"800\" />\r\n<figcaption>로봇 코딩의 이해 본문내용(키트를 활용한 블록코딩 안내)</figcaption>\r\n</figure>\r\n</div>\r\n\r\n<p>&nbsp;</p>\r\n\r\n<p><span style=\"font-size:20px\"><strong>※교재 내용의 다양한 특징과 내용 살펴보기</strong></span></p>\r\n\r\n<p><span style=\"font-size:16px\">6컷 애니메이션의 재미있는 이야기를 통해 앞으로 배우게 될 내용을 알 수 있습니다.</span></p>\r\n\r\n<p><span style=\"font-size:16px\">학습목표에 따라 학생들은 무엇을 배울지, 선생님을 무엇을 지도해야 할 것인지 서로 알기 쉽습니다.</span></p>\r\n\r\n<p><span style=\"font-size:16px\">체계적인 구성을 통해 코딩을 정복할 수 있습니다.</span></p>\r\n\r\n<p><span style=\"font-size:16px\">좀 더 알아보기를 통해 깊이있는 학습이 가능합니다.</span></p>\r\n\r\n<p>&nbsp;</p>\r\n\r\n<p>&nbsp;</p>','',12);
/*!40000 ALTER TABLE `products_product` ENABLE KEYS */;
UNLOCK TABLES;

--
-- Table structure for table `products_replychapter`
--

DROP TABLE IF EXISTS `products_replychapter`;
/*!40101 SET @saved_cs_client     = @@character_set_client */;
/*!40101 SET character_set_client = utf8 */;
CREATE TABLE `products_replychapter` (
  `id` int(11) NOT NULL AUTO_INCREMENT,
  `message` longtext NOT NULL,
  `order` int(10) unsigned NOT NULL,
  `created_at` datetime(6) NOT NULL,
  `updated_at` datetime(6) NOT NULL,
  `user_id` int(11) NOT NULL,
  `video_id` int(11) NOT NULL,
  `is_reply_to_reply` tinyint(1) NOT NULL,
  `reply_to_reply_address` int(10) unsigned DEFAULT NULL,
  PRIMARY KEY (`id`),
  KEY `products_replychapter_user_id_c371ada4_fk_auth_user_id` (`user_id`),
  KEY `products_replychapter_video_id_8c15a26f_fk_products_video_id` (`video_id`),
  CONSTRAINT `products_replychapter_user_id_c371ada4_fk_auth_user_id` FOREIGN KEY (`user_id`) REFERENCES `auth_user` (`id`),
  CONSTRAINT `products_replychapter_video_id_8c15a26f_fk_products_video_id` FOREIGN KEY (`video_id`) REFERENCES `products_video` (`id`)
) ENGINE=InnoDB AUTO_INCREMENT=11 DEFAULT CHARSET=utf8;
/*!40101 SET character_set_client = @saved_cs_client */;

--
-- Dumping data for table `products_replychapter`
--

LOCK TABLES `products_replychapter` WRITE;
/*!40000 ALTER TABLE `products_replychapter` DISABLE KEYS */;
INSERT INTO `products_replychapter` VALUES (8,'<p>머머미리..</p>',0,'2019-01-08 12:41:08.327059','2019-01-08 12:41:08.327093',1,3,0,NULL),(10,'<p><span style=\"font-size:16px\"><strong>영상을 보시고 궁금한 사항은 질문으로 해결해보세요!</strong></span></p>\r\n\r\n<p><img alt=\"\" height=\"153\" src=\"/uploads/files/memaker/2019/01/12/_diy_.jpg\" width=\"229\" /></p>',0,'2019-01-12 08:06:18.500501','2019-01-12 08:09:14.183071',1,1,0,NULL);
/*!40000 ALTER TABLE `products_replychapter` ENABLE KEYS */;
UNLOCK TABLES;

--
-- Table structure for table `products_video`
--

DROP TABLE IF EXISTS `products_video`;
/*!40101 SET @saved_cs_client     = @@character_set_client */;
/*!40101 SET character_set_client = utf8 */;
CREATE TABLE `products_video` (
  `id` int(11) NOT NULL AUTO_INCREMENT,
  `title` varchar(200) NOT NULL,
  `video_link` varchar(200) NOT NULL,
  `introduce` longtext NOT NULL,
  `lecture_id` int(11) NOT NULL,
  PRIMARY KEY (`id`),
  KEY `products_video_lecture_id_843da162_fk_products_lecture_id` (`lecture_id`),
  CONSTRAINT `products_video_lecture_id_843da162_fk_products_lecture_id` FOREIGN KEY (`lecture_id`) REFERENCES `products_lecture` (`id`)
) ENGINE=InnoDB AUTO_INCREMENT=39 DEFAULT CHARSET=utf8;
/*!40101 SET character_set_client = @saved_cs_client */;

--
-- Dumping data for table `products_video`
--

LOCK TABLES `products_video` WRITE;
/*!40000 ALTER TABLE `products_video` DISABLE KEYS */;
INSERT INTO `products_video` VALUES (1,'제 1강 엔트리 이론(코딩이란?)','https://www.youtube.com/embed/MgdWk7EWRL4?list=PLjOE0xVFFMJwGa6VejoBOj21MuxyM_Rft','<p><span style=\"font-size:16px\">안녕하세요.</span></p>\r\n\r\n<p><span style=\"font-size:16px\"><img alt=\"\" height=\"67\" src=\"/uploads/files/memaker/2019/01/02/__g6iNFzB.png\" style=\"float:left\" width=\"60\" /><strong><span style=\"color:#8e44ad\">코딩선장</span></strong>입니다.</span></p>\r\n\r\n<p>&nbsp;</p>\r\n\r\n<p>&nbsp;</p>\r\n\r\n<p><span style=\"font-size:16px\">이제 본격적으로 엔트리 세계로 떠나보려고 하는데요?</span></p>\r\n\r\n<p><span style=\"font-size:16px\">아주아주 쉽게 지도해주시니까 함께 코딩의 바다를 잘 헤쳐나가 봅시다~!</span></p>\r\n\r\n<p><span style=\"font-size:16px\">이번 1강은&nbsp;</span></p>\r\n\r\n<p><span style=\"font-size:16px\">&nbsp;<strong>1 코딩이란?</strong></span></p>\r\n\r\n<p><span style=\"font-size:16px\"><strong>&nbsp;2 블록코딩과 엔트리</strong></span></p>\r\n\r\n<p><span style=\"font-size:16px\">두 가지 주제에 대해서 배워보도록 하겠습니다!</span></p>\r\n\r\n<p>&nbsp;</p>\r\n\r\n<p><span style=\"font-size:16px\"><strong>강의를 수강하고 이해가 안되는 것은 꼭 질문을 통해 해결하도록 합시다!</strong></span></p>\r\n\r\n<p>&nbsp;</p>\r\n\r\n<p><span style=\"font-size:16px\">화이팅!!&nbsp;</span></p>',1),(2,'제 2강 엔트리 이론(회원가입)','https://www.youtube.com/embed/cxHnTousgf8?list=PLjOE0xVFFMJwGa6VejoBOj21MuxyM_Rft','<p><span style=\"font-size:16px\">안녕하세요.</span></p>\r\n\r\n<p><span style=\"font-size:16px\"><img alt=\"\" height=\"67\" src=\"/uploads/files/memaker/2019/01/02/__g6iNFzB.png\" style=\"float:left\" width=\"60\" /><strong><span style=\"color:#8e44ad\">코딩선장</span></strong>입니다.</span></p>\r\n\r\n<p>&nbsp;</p>\r\n\r\n<p>&nbsp;</p>\r\n\r\n<p><span style=\"font-size:16px\">이번 2강은&nbsp;</span></p>\r\n\r\n<p><span style=\"font-size:16px\"><strong>3 엔트리 회원가입</strong></span></p>\r\n\r\n<p><span style=\"font-size:16px\"><strong>4 엔트리로 할 수 있는 것들</strong></span></p>\r\n\r\n<p><span style=\"font-size:16px\">두 가지 주제에 대해서 배워보도록 하겠습니다!</span></p>\r\n\r\n<p>&nbsp;</p>\r\n\r\n<p><span style=\"font-size:16px\"><strong>강의를 수강하고 이해가 안되는 것은 꼭 질문을 통해 해결하도록 합시다!</strong></span></p>\r\n\r\n<p>&nbsp;</p>\r\n\r\n<p><span style=\"font-size:16px\">화이팅!!&nbsp;</span></p>',1),(3,'제 3강 엔트리 이론(작품만들기 화면)','https://www.youtube.com/embed/ML3fijiv5mc?list=PLjOE0xVFFMJwGa6VejoBOj21MuxyM_Rft','<p><span style=\"font-size:16px\">안녕하세요.</span></p>\r\n\r\n<p><span style=\"font-size:16px\"><img alt=\"\" height=\"67\" src=\"/uploads/files/memaker/2019/01/02/__g6iNFzB.png\" style=\"float:left\" width=\"60\" /><span style=\"color:#8e44ad\"><strong>코딩선장</strong></span>입니다.</span></p>\r\n\r\n<p>&nbsp;</p>\r\n\r\n<p>&nbsp;</p>\r\n\r\n<p><span style=\"font-size:16px\">이번 3강은&nbsp;</span></p>\r\n\r\n<p><span style=\"font-size:16px\"><strong>5. 작품만들기 화면</strong></span></p>\r\n\r\n<p><span style=\"font-size:16px\"><strong>6 오브젝트 의미와 요소</strong></span></p>\r\n\r\n<p>&nbsp;</p>\r\n\r\n<p><span style=\"font-size:16px\">두 가지 주제에 대해서 배워보도록 하겠습니다!</span></p>\r\n\r\n<p>&nbsp;</p>\r\n\r\n<p><span style=\"font-size:16px\"><strong>강의를 수강하고 이해가 안되는 것은 꼭 질문을 통해 해결하도록 합시다!</strong></span></p>\r\n\r\n<p><span style=\"font-size:16px\">화이팅!!&nbsp;</span></p>',1),(4,'제 4강 엔트리 이론(오브젝트 살펴보기)','https://www.youtube.com/embed/LBEvicGxDpg?list=PLjOE0xVFFMJwGa6VejoBOj21MuxyM_Rft','<p><span style=\"font-size:16px\">안녕하세요.</span></p>\r\n\r\n<p><span style=\"font-size:16px\"><img alt=\"\" height=\"67\" src=\"/uploads/files/memaker/2019/01/02/__g6iNFzB.png\" style=\"float:left\" width=\"60\" /><span style=\"color:#8e44ad\"><strong>코딩선장</strong></span>입니다.</span></p>\r\n\r\n<p>&nbsp;</p>\r\n\r\n<p>&nbsp;</p>\r\n\r\n<p><span style=\"font-size:16px\">이번 4강은&nbsp;</span></p>\r\n\r\n<p><span style=\"font-size:16px\"><strong>7 오브젝트창 살펴보기</strong></span></p>\r\n\r\n<p><span style=\"font-size:16px\"><strong>8 블록꾸러미 살펴보기</strong></span></p>\r\n\r\n<p>&nbsp;</p>\r\n\r\n<p><span style=\"font-size:16px\">두 가지 주제에 대해서 배워보도록 하겠습니다!</span></p>\r\n\r\n<p>&nbsp;</p>\r\n\r\n<p><span style=\"font-size:16px\"><strong>강의를 수강하고 이해가 안되는 것은 꼭 질문을 통해 해결하도록 합시다!</strong></span></p>\r\n\r\n<p><span style=\"font-size:16px\">화이팅!!&nbsp;</span></p>',1),(5,'제 5강 엔트리 이론(오브젝트 추가 및 삭제)','https://www.youtube.com/embed/dpn5FxMz3Tg?list=PLjOE0xVFFMJwGa6VejoBOj21MuxyM_Rft','<p><span style=\"font-size:16px\">안녕하세요.</span></p>\r\n\r\n<p><span style=\"font-size:16px\"><img alt=\"\" height=\"67\" src=\"/uploads/files/memaker/2019/01/02/__g6iNFzB.png\" style=\"float:left\" width=\"60\" /><span style=\"color:#8e44ad\"><strong>코딩선장</strong></span>입니다.</span></p>\r\n\r\n<p>&nbsp;</p>\r\n\r\n<p>&nbsp;</p>\r\n\r\n<p><span style=\"font-size:16px\">이번 5강은&nbsp;</span></p>\r\n\r\n<p><span style=\"font-size:16px\"><strong>9 오브젝트 추가 및 삭제</strong></span></p>\r\n\r\n<p><span style=\"font-size:16px\"><strong>10 실행화면 세부기능</strong></span></p>\r\n\r\n<p>&nbsp;</p>\r\n\r\n<p><span style=\"font-size:16px\">두 가지 주제에 대해서 배워보도록 하겠습니다!</span></p>\r\n\r\n<p>&nbsp;</p>\r\n\r\n<p><span style=\"font-size:16px\"><strong>강의를 수강하고 이해가 안되는 것은 꼭 질문을 통해 해결하도록 합시다!</strong></span></p>\r\n\r\n<p><span style=\"font-size:16px\">화이팅!!&nbsp;</span></p>',1),(6,'제 6강 엔트리 이론(실행화면의 좌표)','https://www.youtube.com/embed/61Idi5CI5ow?list=PLjOE0xVFFMJwGa6VejoBOj21MuxyM_Rft','<p><span style=\"font-size:16px\">안녕하세요.</span></p>\r\n\r\n<p><span style=\"font-size:16px\"><img alt=\"\" height=\"67\" src=\"/uploads/files/memaker/2019/01/02/__g6iNFzB.png\" style=\"float:left\" width=\"60\" /><span style=\"color:#8e44ad\"><strong>코딩선장</strong></span>입니다.</span></p>\r\n\r\n<p>&nbsp;</p>\r\n\r\n<p>&nbsp;</p>\r\n\r\n<p><span style=\"font-size:16px\">이번 6강은&nbsp;</span></p>\r\n\r\n<p><span style=\"font-size:16px\"><strong>11 실행화면의 좌표</strong></span></p>\r\n\r\n<p><span style=\"font-size:16px\"><strong>12 블록 조립소</strong></span></p>\r\n\r\n<p>&nbsp;</p>\r\n\r\n<p><span style=\"font-size:16px\">두 가지 주제에 대해서 배워보도록 하겠습니다!</span></p>\r\n\r\n<p>&nbsp;</p>\r\n\r\n<p><span style=\"font-size:16px\"><strong>강의를 수강하고 이해가 안되는 것은 꼭 질문을 통해 해결하도록 합시다!</strong></span></p>\r\n\r\n<p><span style=\"font-size:16px\">화이팅!!&nbsp;</span></p>',1),(7,'제 7강 엔트리 이론(엔트리 상단메뉴)','https://www.youtube.com/embed/cPxgKXgiAv0?list=PLjOE0xVFFMJwGa6VejoBOj21MuxyM_Rft','<p><span style=\"font-size:16px\">안녕하세요.</span></p>\r\n\r\n<p><span style=\"font-size:16px\"><img alt=\"\" height=\"67\" src=\"/uploads/files/memaker/2019/01/02/__g6iNFzB.png\" style=\"float:left\" width=\"60\" /><span style=\"color:#8e44ad\"><strong>코딩선장</strong></span>입니다.</span></p>\r\n\r\n<p>&nbsp;</p>\r\n\r\n<p>&nbsp;</p>\r\n\r\n<p><span style=\"font-size:16px\">이번 7강은&nbsp;</span></p>\r\n\r\n<p><span style=\"font-size:16px\"><strong>13 엔트리 상단메뉴</strong></span></p>\r\n\r\n<p><span style=\"font-size:16px\"><strong>14 간단한코드로 통해 오브젝트 제어하기</strong></span></p>\r\n\r\n<p><span style=\"font-size:16px\"><strong>15 코드 분리하기, 삭제하기</strong></span></p>\r\n\r\n<p>&nbsp;</p>\r\n\r\n<p><span style=\"font-size:16px\">두 가지 주제에 대해서 배워보도록 하겠습니다!</span></p>\r\n\r\n<p>&nbsp;</p>\r\n\r\n<p><span style=\"font-size:16px\"><strong>강의를 수강하고 이해가 안되는 것은 꼭 질문을 통해 해결하도록 합시다!</strong></span></p>\r\n\r\n<p><span style=\"font-size:16px\">화이팅!!&nbsp;</span></p>',1),(8,'제 8강 엔트리 이론(오브젝트 움직이기 예제)','https://www.youtube.com/embed/Ht_JVQ-pPt8?list=PLjOE0xVFFMJwGa6VejoBOj21MuxyM_Rft','<p><span style=\"font-size:16px\">안녕하세요.</span></p>\r\n\r\n<p><span style=\"font-size:16px\"><img alt=\"\" height=\"67\" src=\"/uploads/files/memaker/2019/01/02/__g6iNFzB.png\" style=\"float:left\" width=\"60\" /><span style=\"color:#8e44ad\"><strong>코딩선장</strong></span>입니다.</span></p>\r\n\r\n<p>&nbsp;</p>\r\n\r\n<p>&nbsp;</p>\r\n\r\n<p><span style=\"font-size:16px\">이번 8강은&nbsp;</span></p>\r\n\r\n<p><span style=\"font-size:16px\"><strong>16 오브젝트 움직이기 예제</strong></span></p>\r\n\r\n<p>&nbsp;</p>\r\n\r\n<p><span style=\"font-size:16px\">두 가지 주제에 대해서 배워보도록 하겠습니다!</span></p>\r\n\r\n<p>&nbsp;</p>\r\n\r\n<p><span style=\"font-size:16px\"><strong>강의를 수강하고 이해가 안되는 것은 꼭 질문을 통해 해결하도록 합시다!</strong></span></p>\r\n\r\n<p><span style=\"font-size:16px\">화이팅!!&nbsp;</span></p>',1),(9,'제 9강 엔트리 이론(작품저장)','https://www.youtube.com/embed/ml4FOJNDheU?list=PLjOE0xVFFMJwGa6VejoBOj21MuxyM_Rft','<p><span style=\"font-size:16px\">안녕하세요.</span></p>\r\n\r\n<p><span style=\"font-size:16px\"><img alt=\"\" height=\"67\" src=\"/uploads/files/memaker/2019/01/02/__g6iNFzB.png\" style=\"float:left\" width=\"60\" /><span style=\"color:#8e44ad\"><strong>코딩선장</strong></span>입니다.</span></p>\r\n\r\n<p>&nbsp;</p>\r\n\r\n<p>&nbsp;</p>\r\n\r\n<p><span style=\"font-size:16px\">이번 9강은&nbsp;</span></p>\r\n\r\n<p><span style=\"font-size:16px\"><strong>17 작품저장</strong></span></p>\r\n\r\n<p><span style=\"font-size:16px\"><strong>18 작품공유</strong></span></p>\r\n\r\n<p>&nbsp;</p>\r\n\r\n<p><span style=\"font-size:16px\">두 가지 주제에 대해서 배워보도록 하겠습니다!</span></p>\r\n\r\n<p>&nbsp;</p>\r\n\r\n<p><span style=\"font-size:16px\"><strong>강의를 수강하고 이해가 안되는 것은 꼭 질문을 통해 해결하도록 합시다!</strong></span></p>\r\n\r\n<p><span style=\"font-size:16px\">화이팅!!&nbsp;</span></p>',1),(10,'[미메이커]엔트리 기초(엔트리 첫걸음 - 기초 1)','https://www.youtube.com/embed/t4GOzErjRrU?list=PLjOE0xVFFMJwjCnhc3sC0IWpizLcT7eqF','<p><span style=\"font-size:18px\">안녕하세요~!</span></p>\r\n\r\n<p><span style=\"font-size:18px\">여러분과 함께 코딩의 여행을 안내해드릴 <img alt=\"wink\" height=\"23\" src=\"http://www.memaker.co.kr/static/ckeditor/ckeditor/plugins/smiley/images/wink_smile.png\" title=\"wink\" width=\"23\" />코딩선장입니다.</span></p>\r\n\r\n<p><span style=\"font-size:18px\">이제부터 엔트리 코딩의 기초적인 내용을 함께 학습해보도록 하겠습니다.</span></p>\r\n\r\n<p><span style=\"font-size:18px\">엔트리 사이트에는 다양한 학습 프로그램이 마련되어 있어서 영상 강의 없이도 여러분이&nbsp;</span></p>\r\n\r\n<p><span style=\"font-size:18px\">쉽게 따라 하실 수 있으시겠지만, 코딩선장과 함께 학습하면 좀 더 재미있게 배울 수 있을거라고 생각합니다.</span></p>\r\n\r\n<p><span style=\"font-size:18px\">자 그럼 저와 함께 코딩의 세계로 출발~!</span></p>\r\n\r\n<p>&nbsp;</p>\r\n\r\n<div style=\"background:#eeeeee; border:1px solid #cccccc; padding:5px 10px\"><span style=\"font-size:18px\"><img alt=\"smiley\" height=\"23\" src=\"http://www.memaker.co.kr/static/ckeditor/ckeditor/plugins/smiley/images/regular_smile.png\" title=\"smiley\" width=\"23\" />반드시 모르는 내용은 질문을 통해 해결해보도록 합시다~!</span></div>\r\n\r\n<p>&nbsp;</p>',2),(11,'[미메이커]엔트리 기초(엔트리 첫걸음 - 기초2)','https://www.youtube.com/embed/a-sM97MQebI?list=PLjOE0xVFFMJwjCnhc3sC0IWpizLcT7eqF','<p><span style=\"font-size:18px\">안녕하세요~!</span></p>\r\n\r\n<p><span style=\"font-size:18px\">여러분과 함께 코딩의 여행을 안내해드릴 <img alt=\"wink\" height=\"23\" src=\"http://www.memaker.co.kr/static/ckeditor/ckeditor/plugins/smiley/images/wink_smile.png\" title=\"wink\" width=\"23\" />코딩선장입니다.</span></p>\r\n\r\n<p><span style=\"font-size:18px\">1강에 이어서 이번에는 엔트리 기초 두 번째 시간입니다. 아마 첫 번째 시간을 통해 기초적인&nbsp;개념을 잡은 친구들이 만을 것 같은데요. 2강을 통해서 좀 더 개념을 확실히 잡으시기 바랍니다!~</span></p>\r\n\r\n<p><span style=\"font-size:18px\">자 그럼 저와 함께 코딩의 세계로 출발~!</span></p>\r\n\r\n<p>&nbsp;</p>\r\n\r\n<div style=\"background:#eeeeee; border:1px solid #cccccc; padding:5px 10px\"><span style=\"font-size:18px\"><img alt=\"smiley\" height=\"23\" src=\"http://www.memaker.co.kr/static/ckeditor/ckeditor/plugins/smiley/images/regular_smile.png\" title=\"smiley\" width=\"23\" />반드시 모르는 내용은 질문을 통해 해결해보도록 합시다~!</span></div>',2),(12,'[미메이커]엔트리 예제(마을탐험1탄)','https://www.youtube.com/embed/d3I-w9dVx88?list=PLjOE0xVFFMJwjCnhc3sC0IWpizLcT7eqF','<p><span style=\"font-size:18px\">안녕하세요~!</span></p>\r\n\r\n<p><span style=\"font-size:18px\">여러분과 함께 코딩의 여행을 안내해드릴 <img alt=\"wink\" height=\"23\" src=\"http://www.memaker.co.kr/static/ckeditor/ckeditor/plugins/smiley/images/wink_smile.png\" title=\"wink\" width=\"23\" />코딩선장입니다.</span></p>\r\n\r\n<p><span style=\"font-size:18px\">엔트리 예제 마을 탐험을 선생님과 해결해가면서 블록코딩의 논리적 사고방식을 하나씩 학습해봅시다. 전혀 어렵지 않고 누구나 쉽게 따라 할 수 있습니다.</span></p>\r\n\r\n<p><span style=\"font-size:18px\">자 그럼 저와 함께 코딩의 세계로 출발~!</span></p>\r\n\r\n<p>&nbsp;</p>\r\n\r\n<div style=\"background:#eeeeee; border:1px solid #cccccc; padding:5px 10px\"><span style=\"font-size:18px\"><img alt=\"smiley\" height=\"23\" src=\"http://www.memaker.co.kr/static/ckeditor/ckeditor/plugins/smiley/images/regular_smile.png\" title=\"smiley\" width=\"23\" />반드시 모르는 내용은 질문을 통해 해결해보도록 합시다~!</span></div>',2),(13,'[미메이커]엔트리 예제(마을탐험2탄)','https://www.youtube.com/embed/m1iHF7giIR0?list=PLjOE0xVFFMJwjCnhc3sC0IWpizLcT7eqF','<p><span style=\"font-size:18px\">안녕하세요~!</span></p>\r\n\r\n<p><span style=\"font-size:18px\">여러분과 함께 코딩의 여행을 안내해드릴 <img alt=\"wink\" height=\"23\" src=\"http://www.memaker.co.kr/static/ckeditor/ckeditor/plugins/smiley/images/wink_smile.png\" title=\"wink\" width=\"23\" />코딩선장입니다.</span></p>\r\n\r\n<p><span style=\"font-size:18px\">엔트리 예제 마을 탐험 두 번째 시간입니다.&nbsp;선생님과 해결해가면서 블록코딩의 논리적 사고방식을 하나씩 학습해봅시다. 전혀 어렵지 않고 누구나 쉽게 따라 할 수 있습니다.</span></p>\r\n\r\n<p><span style=\"font-size:18px\">자 그럼 저와 함께 코딩의 세계로 출발~!</span></p>\r\n\r\n<p>&nbsp;</p>\r\n\r\n<div style=\"background:#eeeeee; border:1px solid #cccccc; padding:5px 10px\"><span style=\"font-size:18px\"><img alt=\"smiley\" height=\"23\" src=\"http://www.memaker.co.kr/static/ckeditor/ckeditor/plugins/smiley/images/regular_smile.png\" title=\"smiley\" width=\"23\" />반드시 모르는 내용은 질문을 통해 해결해보도록 합시다~!</span></div>',2),(14,'[미메이커]엔트리 예제(우주여행1탄)','https://www.youtube.com/embed/lE9HDOpoMR0?list=PLjOE0xVFFMJwjCnhc3sC0IWpizLcT7eqF','<p><span style=\"font-size:18px\">안녕하세요~!</span></p>\r\n\r\n<p><span style=\"font-size:18px\">여러분과 함께 코딩의 여행을 안내해드릴 <img alt=\"wink\" height=\"23\" src=\"http://www.memaker.co.kr/static/ckeditor/ckeditor/plugins/smiley/images/wink_smile.png\" title=\"wink\" width=\"23\" />코딩선장입니다.</span></p>\r\n\r\n<p><span style=\"font-size:18px\">엔트리 예제 우주여행 첫 번째&nbsp;시간입니다. 우주여행을 떠나는 엔트리 봇과 코딩의 원리도 이해하고 재미있는 우주여행도 함께 떠나보세요~! 강의를 들어면서&nbsp;블록코딩의 논리적 사고방식을 하나씩 학습해봅시다. 전혀 어렵지 않고 누구나 쉽게 따라 할 수 있습니다.</span></p>\r\n\r\n<p><span style=\"font-size:18px\">자 그럼 저와 함께 코딩의 세계로 출발~!</span></p>\r\n\r\n<p>&nbsp;</p>\r\n\r\n<div style=\"background:#eeeeee; border:1px solid #cccccc; padding:5px 10px\"><span style=\"font-size:18px\"><img alt=\"smiley\" height=\"23\" src=\"http://www.memaker.co.kr/static/ckeditor/ckeditor/plugins/smiley/images/regular_smile.png\" title=\"smiley\" width=\"23\" />반드시 모르는 내용은 질문을 통해 해결해보도록 합시다~!</span></div>',2),(15,'[미메이커]엔트리 예제(우주여행2탄)','https://www.youtube.com/embed/X6SVfR-AOZQ?list=PLjOE0xVFFMJwjCnhc3sC0IWpizLcT7eqF','<p><span style=\"font-size:18px\">안녕하세요~!</span></p>\r\n\r\n<p><span style=\"font-size:18px\">여러분과 함께 코딩의 여행을 안내해드릴 <img alt=\"wink\" height=\"23\" src=\"http://www.memaker.co.kr/static/ckeditor/ckeditor/plugins/smiley/images/wink_smile.png\" title=\"wink\" width=\"23\" />코딩선장입니다.</span></p>\r\n\r\n<p><span style=\"font-size:18px\">엔트리 예제 우주여행 두&nbsp;번째&nbsp;시간입니다. 우주여행을 떠나는 엔트리 봇과 코딩의 원리도 이해하고 재미있는 우주여행도 함께 떠나보세요~! 강의를 들어면서&nbsp;블록코딩의 논리적 사고방식을 하나씩 학습해봅시다. 전혀 어렵지 않고 누구나 쉽게 따라 할 수 있습니다.</span></p>\r\n\r\n<p><span style=\"font-size:18px\">자 그럼 저와 함께 코딩의 세계로 출발~!</span></p>\r\n\r\n<p>&nbsp;</p>\r\n\r\n<div style=\"background:#eeeeee; border:1px solid #cccccc; padding:5px 10px\"><span style=\"font-size:18px\"><img alt=\"smiley\" height=\"23\" src=\"http://www.memaker.co.kr/static/ckeditor/ckeditor/plugins/smiley/images/regular_smile.png\" title=\"smiley\" width=\"23\" />반드시 모르는 내용은 질문을 통해 해결해보도록 합시다~!</span></div>',2),(16,'[미메이커]엔트리 예제(우주여행3탄)','https://www.youtube.com/embed/6ZVOfwZXNrA?list=PLjOE0xVFFMJwjCnhc3sC0IWpizLcT7eqF','<p><span style=\"font-size:18px\">안녕하세요~!</span></p>\r\n\r\n<p><span style=\"font-size:18px\">여러분과 함께 코딩의 여행을 안내해드릴 <img alt=\"wink\" height=\"23\" src=\"http://www.memaker.co.kr/static/ckeditor/ckeditor/plugins/smiley/images/wink_smile.png\" title=\"wink\" width=\"23\" />코딩선장입니다.</span></p>\r\n\r\n<p><span style=\"font-size:18px\">엔트리 예제 우주여행 세&nbsp;번째&nbsp;시간입니다. 우주여행을 떠나는 엔트리 봇과 코딩의 원리도 이해하고 재미있는 우주여행도 함께 떠나보세요~! 강의를 들어면서&nbsp;블록코딩의 논리적 사고방식을 하나씩 학습해봅시다. 전혀 어렵지 않고 누구나 쉽게 따라 할 수 있습니다.</span></p>\r\n\r\n<p><span style=\"font-size:18px\">자 그럼 저와 함께 코딩의 세계로 출발~!</span></p>\r\n\r\n<p>&nbsp;</p>\r\n\r\n<div style=\"background:#eeeeee; border:1px solid #cccccc; padding:5px 10px\"><span style=\"font-size:18px\"><img alt=\"smiley\" height=\"23\" src=\"http://www.memaker.co.kr/static/ckeditor/ckeditor/plugins/smiley/images/regular_smile.png\" title=\"smiley\" width=\"23\" />반드시 모르는 내용은 질문을 통해 해결해보도록 합시다~!</span></div>',2),(17,'[미메이커]엔트리 예제(우주여행4탄)','https://www.youtube.com/embed/TfLp8UDCiY8?list=PLjOE0xVFFMJwjCnhc3sC0IWpizLcT7eqF','<p><span style=\"font-size:18px\">안녕하세요~!</span></p>\r\n\r\n<p><span style=\"font-size:18px\">여러분과 함께 코딩의 여행을 안내해드릴 <img alt=\"wink\" height=\"23\" src=\"http://www.memaker.co.kr/static/ckeditor/ckeditor/plugins/smiley/images/wink_smile.png\" title=\"wink\" width=\"23\" />코딩선장입니다.</span></p>\r\n\r\n<p><span style=\"font-size:18px\">엔트리 예제 우주여행 마지막&nbsp;시간입니다. 이제 왠만한 코딩의 개념은 모두 잡히셨을 것으로 생각되는데요! 이 강의를 듣고 스스로 코딩을 하고 블록을 쌓으면서 나만의 코딩 프로젝트를 시작해보세요!</span></p>\r\n\r\n<p><span style=\"font-size:18px\">마지막까지 힘내서 화이팅하자구요!</span></p>\r\n\r\n<p><span style=\"font-size:18px\">자 그럼 저와 함께 코딩의 세계로 출발~!</span></p>\r\n\r\n<p>&nbsp;</p>\r\n\r\n<div style=\"background:#eeeeee; border:1px solid #cccccc; padding:5px 10px\"><span style=\"font-size:18px\"><img alt=\"smiley\" height=\"23\" src=\"http://www.memaker.co.kr/static/ckeditor/ckeditor/plugins/smiley/images/regular_smile.png\" title=\"smiley\" width=\"23\" />반드시 모르는 내용은 질문을 통해 해결해보도록 합시다~!</span></div>',2),(18,'CURA 다운로드 및 기본세팅 M508 3D 프린터용','https://www.youtube.com/embed/bNJy4afpkUw?list=PLjOE0xVFFMJymHm9qfkXCX04_Ys7rf9wv','<p><span style=\"font-size:18px\">안녕하세요~!</span></p>\r\n\r\n<p><span style=\"font-size:18px\">만들면서 배우는 코딩교육 서비스의 <img alt=\"laugh\" height=\"23\" src=\"http://www.memaker.co.kr/static/ckeditor/ckeditor/plugins/smiley/images/teeth_smile.png\" title=\"laugh\" width=\"23\" />코딩선장입니다.</span></p>\r\n\r\n<p><span style=\"font-size:18px\">M508 3D 프린터 및 유사한 종류의 3D 프린터로 활용이 가능한 Cura를 다운로드부터 설치 세팅까지 배우는 영상입니다.</span></p>\r\n\r\n<p><span style=\"font-size:18px\">본 내용은 tinkercad로 배우는 3d 모델링 기초와 3D 프린팅 활용 교재에 수록된 내용을 포함 합니다.</span></p>\r\n\r\n<p>&nbsp;</p>\r\n\r\n<div style=\"background:#eeeeee; border:1px solid #cccccc; padding:5px 10px\"><strong><span style=\"font-size:18px\">궁금증은 꼭 질문을 통해 해결하고 가면 좋겠죠?</span></strong></div>',3),(19,'Tinkercad (틴커캐드) 기초 배우기','https://www.youtube.com/embed/LW3thIvpZEM?list=PLjOE0xVFFMJymHm9qfkXCX04_Ys7rf9wv','<p><span style=\"font-size:18px\">안녕하세요~!</span></p>\r\n\r\n<p><span style=\"font-size:18px\">만들면서 배우는 코딩교육 서비스의 <img alt=\"laugh\" height=\"23\" src=\"http://www.memaker.co.kr/static/ckeditor/ckeditor/plugins/smiley/images/teeth_smile.png\" title=\"laugh\" width=\"23\" />코딩선장입니다.</span></p>\r\n\r\n<p>&nbsp;</p>\r\n\r\n<p><span style=\"font-size:18px\">틴커캐드를 활용하여 3D 모델링을 배우는 기초적인 내용의 콘텐츠입니다. </span></p>\r\n\r\n<p><span style=\"font-size:18px\">본 내용은 tinkercad로 배우는 3d 모델링 기초와 3D 프린팅 활용 교재에 수록된 내용을 포함 합니다.</span></p>\r\n\r\n<p>&nbsp;</p>\r\n\r\n<div style=\"background:#eeeeee; border:1px solid #cccccc; padding:5px 10px\"><span style=\"font-size:18px\"><strong>궁금증은 꼭 질문을 통해 해결하고 가면 좋겠죠?</strong></span></div>',3),(20,'Tinkercad (틴커캐드) 기초 배우기 조립구조물 만들기','https://www.youtube.com/embed/VmXu_BQGdF0?list=PLjOE0xVFFMJymHm9qfkXCX04_Ys7rf9wv','<p><span style=\"font-size:18px\">안녕하세요~!</span></p>\r\n\r\n<p><span style=\"font-size:18px\">만들면서 배우는 코딩교육 서비스의 <img alt=\"laugh\" height=\"23\" src=\"http://www.memaker.co.kr/static/ckeditor/ckeditor/plugins/smiley/images/teeth_smile.png\" title=\"laugh\" width=\"23\" />코딩선장입니다.</span></p>\r\n\r\n<p>&nbsp;</p>\r\n\r\n<p><span style=\"font-size:18px\">틴커캐드를 활용하여 3D 모델링을 배우는조립 구조만들기 기초 콘텐츠 입니다. </span></p>\r\n\r\n<p><span style=\"font-size:18px\">본 내용은 tinkercad로 배우는 3d 모델링 기초와 3D 프린팅 활용 교재에 수록된 내용을 포함 합니다.</span></p>\r\n\r\n<p>&nbsp;</p>\r\n\r\n<div style=\"background:#eeeeee; border:1px solid #cccccc; padding:5px 10px\"><span style=\"font-size:18px\"><strong>궁금증은 꼭 질문을 통해 해결하고 가면 좋겠죠?</strong></span></div>',3),(21,'Tinkercad (틴커캐드) 기초 배우기 의자 만들기','https://www.youtube.com/embed/dORS9xevhYI?list=PLjOE0xVFFMJymHm9qfkXCX04_Ys7rf9wv','<p><span style=\"font-size:18px\">안녕하세요~!</span></p>\r\n\r\n<p><span style=\"font-size:18px\">만들면서 배우는 코딩교육 서비스의 <img alt=\"laugh\" height=\"23\" src=\"http://www.memaker.co.kr/static/ckeditor/ckeditor/plugins/smiley/images/teeth_smile.png\" title=\"laugh\" width=\"23\" />코딩선장입니다.</span></p>\r\n\r\n<p><span style=\"font-size:18px\">틴커캐드를 활용하여 3D 모델링을 배우는 의자만들기 기초 콘텐츠 입니다.</span></p>\r\n\r\n<p><span style=\"font-size:18px\">본 내용은 tinkercad로 배우는 3d 모델링 기초와 3D 프린팅 활용 교재에 수록된 내용을 포함 합니다.</span></p>\r\n\r\n<p>&nbsp;</p>\r\n\r\n<div style=\"background:#eeeeee; border:1px solid #cccccc; padding:5px 10px\"><span style=\"font-size:18px\"><strong>궁금증은 꼭 질문을 통해 해결하고 가면 좋겠죠?</strong></span></div>',3),(22,'Tinkercad (틴커캐드) 기초 배우기 의자 만들기 후반부 정렬활용','https://www.youtube.com/embed/rzntfzuiYY8?list=PLjOE0xVFFMJymHm9qfkXCX04_Ys7rf9wv','<p><span style=\"font-size:18px\">안녕하세요~!</span></p>\r\n\r\n<p><span style=\"font-size:18px\">만들면서 배우는 코딩교육 서비스의 <img alt=\"laugh\" height=\"23\" src=\"http://www.memaker.co.kr/static/ckeditor/ckeditor/plugins/smiley/images/teeth_smile.png\" title=\"laugh\" width=\"23\" />코딩선장입니다.</span></p>\r\n\r\n<p><span style=\"font-size:18px\">틴커캐드를 활용하여 3D 모델링을 배우는 의자만들기 기초 콘텐츠 입니다.</span></p>\r\n\r\n<p><span style=\"font-size:18px\">본 내용은 tinkercad로 배우는 3d 모델링 기초와 3D 프린팅 활용 교재에 수록된 내용을 포함 합니다.</span></p>\r\n\r\n<p>&nbsp;</p>\r\n\r\n<div style=\"background:#eeeeee; border:1px solid #cccccc; padding:5px 10px\"><span style=\"font-size:18px\"><strong>궁금증은 꼭 질문을 통해 해결하고 가면 좋겠죠?</strong></span></div>',3),(23,'Tinkercad (틴커캐드) 기초 배우기 집만들기 기초','https://www.youtube.com/embed/R1vaEhE3diw?list=PLjOE0xVFFMJymHm9qfkXCX04_Ys7rf9wv','<p><span style=\"font-size:18px\">안녕하세요~!</span></p>\r\n\r\n<p><span style=\"font-size:18px\">만들면서 배우는 코딩교육 서비스의 <img alt=\"laugh\" height=\"23\" src=\"http://www.memaker.co.kr/static/ckeditor/ckeditor/plugins/smiley/images/teeth_smile.png\" title=\"laugh\" width=\"23\" />코딩선장입니다.</span></p>\r\n\r\n<p>&nbsp;</p>\r\n\r\n<p><span style=\"font-size:18px\">틴커캐드를 활용하여 3D 모델링을 배우는 3D 모델링 집 만들기 콘텐츠 입니다. </span></p>\r\n\r\n<p><span style=\"font-size:18px\">본 내용은 tinkercad로 배우는 3d 모델링 기초와 3D 프린팅 활용 교재에 수록된 내용을 포함 합니다.</span></p>\r\n\r\n<p>&nbsp;</p>\r\n\r\n<div style=\"background:#eeeeee; border:1px solid #cccccc; padding:5px 10px\"><span style=\"font-size:18px\"><strong>궁금증은 꼭 질문을 통해 해결하고 가면 좋겠죠?</strong></span></div>',3),(24,'Tinkercad (틴커캐드) 기초 배우기 집만들기 심화','https://www.youtube.com/embed/OncyefEvvGU?list=PLjOE0xVFFMJymHm9qfkXCX04_Ys7rf9wv','<p><span style=\"font-size:18px\">안녕하세요~!</span></p>\r\n\r\n<p><span style=\"font-size:18px\">만들면서 배우는 코딩교육 서비스의 <img alt=\"laugh\" height=\"23\" src=\"http://www.memaker.co.kr/static/ckeditor/ckeditor/plugins/smiley/images/teeth_smile.png\" title=\"laugh\" width=\"23\" />코딩선장입니다.</span></p>\r\n\r\n<p><span style=\"font-size:18px\">틴커캐드를 활용하여 3D 모델링을 배우는 3D 모델링 집 만들기 심화 콘텐츠 입니다.</span></p>\r\n\r\n<p><span style=\"font-size:18px\">본 내용은 tinkercad로 배우는 3d 모델링 기초와 3D 프린팅 활용 교재에 수록된 내용을 포함 합니다.</span></p>\r\n\r\n<p>&nbsp;</p>\r\n\r\n<div style=\"background:#eeeeee; border:1px solid #cccccc; padding:5px 10px\"><span style=\"font-size:18px\"><strong>궁금증은 꼭 질문을 통해 해결하고 가면 좋겠죠?</strong></span></div>',3),(25,'Tinkercad (틴커캐드) 기초 배우기 나로호 로켓 모델링 배우기','https://www.youtube.com/embed/HS1UWUpLslc?list=PLjOE0xVFFMJymHm9qfkXCX04_Ys7rf9wv','<p><span style=\"font-size:18px\">안녕하세요~!</span></p>\r\n\r\n<p><span style=\"font-size:18px\">만들면서 배우는 코딩교육 서비스의 <img alt=\"laugh\" height=\"23\" src=\"http://www.memaker.co.kr/static/ckeditor/ckeditor/plugins/smiley/images/teeth_smile.png\" title=\"laugh\" width=\"23\" />코딩선장입니다.</span></p>\r\n\r\n<p><span style=\"font-size:18px\">틴커캐드를 활용하여 3D 모델링을 배우는 로켓 모델링 기초 콘텐츠 입니다.</span></p>\r\n\r\n<p><span style=\"font-size:18px\">본 내용은 tinkercad로 배우는 3d 모델링 기초와 3D 프린팅 활용 교재에 수록된 내용을 포함 합니다.</span></p>\r\n\r\n<p>&nbsp;</p>\r\n\r\n<div style=\"background:#eeeeee; border:1px solid #cccccc; padding:5px 10px\"><span style=\"font-size:18px\"><strong>궁금증은 꼭 질문을 통해 해결하고 가면 좋겠죠?</strong></span></div>',3),(26,'Tinkercad (틴커캐드) 기초 배우기 미메이커 코딩보드 모듈(터치센서) 케이스 모델링01','https://www.youtube.com/embed/Y3o_Wbb1pwE?list=PLjOE0xVFFMJymHm9qfkXCX04_Ys7rf9wv','<p><span style=\"font-size:18px\">안녕하세요~!</span></p>\r\n\r\n<p><span style=\"font-size:18px\">만들면서 배우는 코딩교육 서비스의 <img alt=\"laugh\" height=\"23\" src=\"http://www.memaker.co.kr/static/ckeditor/ckeditor/plugins/smiley/images/teeth_smile.png\" title=\"laugh\" width=\"23\" />코딩선장입니다.</span></p>\r\n\r\n<p><span style=\"font-size:18px\">틴커캐드를 활용하여 미메이커 코딩보드 모듈의 케이스를 만드는 기초 콘텐츠 입니다.</span></p>\r\n\r\n<p><span style=\"font-size:18px\">본 내용은 tinkercad로 배우는 3d 모델링 기초와 3D 프린팅 활용 교재에 수록된 내용을 포함 합니다.</span></p>\r\n\r\n<p>&nbsp;</p>\r\n\r\n<div style=\"background:#eeeeee; border:1px solid #cccccc; padding:5px 10px\"><span style=\"font-size:18px\"><strong>궁금증은 꼭 질문을 통해 해결하고 가면 좋겠죠?</strong></span></div>',3),(27,'Tinkercad (틴커캐드) 기초 배우기 미메이커 코딩보드 모듈(터치센서) 케이스 모델링 02','https://www.youtube.com/embed/j45TKC3BUIQ?list=PLjOE0xVFFMJymHm9qfkXCX04_Ys7rf9wv','<p><span style=\"font-size:18px\">안녕하세요~!</span></p>\r\n\r\n<p><span style=\"font-size:18px\">만들면서 배우는 코딩교육 서비스의 <img alt=\"laugh\" height=\"23\" src=\"http://www.memaker.co.kr/static/ckeditor/ckeditor/plugins/smiley/images/teeth_smile.png\" title=\"laugh\" width=\"23\" />코딩선장입니다.</span></p>\r\n\r\n<p><span style=\"font-size:18px\">틴커캐드를 활용하여 미메이커 코딩보드 모듈의 케이스를 만드는 기초 콘텐츠 입니다.</span></p>\r\n\r\n<p><span style=\"font-size:18px\">본 내용은 tinkercad로 배우는 3d 모델링 기초와 3D 프린팅 활용 교재에 수록된 내용을 포함 합니다.</span></p>\r\n\r\n<p>&nbsp;</p>\r\n\r\n<div style=\"background:#eeeeee; border:1px solid #cccccc; padding:5px 10px\"><span style=\"font-size:18px\"><strong>궁금증은 꼭 질문을 통해 해결하고 가면 좋겠죠?</strong></span></div>',3),(28,'정보 사회의 이해1','https://www.youtube.com/embed/TO-XrHNOg84','<p><span style=\"font-size:18px\">안녕하세요.</span></p>\r\n\r\n<p><span style=\"font-size:18px\"><img alt=\"\" height=\"67\" src=\"http://www.memaker.co.kr/uploads/files/memaker/2019/01/02/__g6iNFzB.png\" width=\"60\" /><strong>코딩선장</strong>입니다.</span></p>\r\n\r\n<p><span style=\"font-size:18px\">이제 본격적으로 코딩의&nbsp;세계로 떠나보려고 하는데요?</span></p>\r\n\r\n<p><span style=\"font-size:18px\">아주아주 쉽게 지도해주시니까 함께 코딩의 바다를 잘 헤쳐나가 봅시다~!</span></p>\r\n\r\n<p>&nbsp;</p>\r\n\r\n<p><span style=\"font-size:18px\">1. 정보사회의 이해1</span></p>\r\n\r\n<p><span style=\"font-size:18px\">1-1 정보란?</span></p>\r\n\r\n<p><span style=\"font-size:18px\">1-2 정보 사회란?</span></p>\r\n\r\n<p><span style=\"font-size:18px\">1-3 정보 사회의 기술</span></p>\r\n\r\n<p>&nbsp;</p>\r\n\r\n<div style=\"background:#eeeeee; border:1px solid #cccccc; padding:5px 10px\"><span style=\"font-size:18px\"><strong>강의를 수강하고 이해가 안되는 것은 꼭 질문을 통해 해결하도록 합시다!</strong></span></div>\r\n\r\n<p>&nbsp;</p>\r\n\r\n<p><span style=\"font-size:18px\">화이팅!!&nbsp;</span></p>\r\n\r\n<p>&nbsp;</p>',4),(29,'정보 사회의 이해2','https://www.youtube.com/embed/bf952RlM-OU','<p><span style=\"font-size:18px\">안녕하세요.</span></p>\r\n\r\n<p><span style=\"font-size:18px\"><img alt=\"\" height=\"67\" src=\"http://www.memaker.co.kr/uploads/files/memaker/2019/01/02/__g6iNFzB.png\" width=\"60\" /><strong>코딩선장</strong>입니다.</span></p>\r\n\r\n<p><span style=\"font-size:18px\">1강을 통해 정보사회는 무엇인지 이해하셨을 거에요.&nbsp;</span></p>\r\n\r\n<p><span style=\"font-size:18px\">그럼 2강을 통해 우리는 정보사회에 다양한 특징을 살펴봅시다.</span></p>\r\n\r\n<p><span style=\"font-size:18px\">아주아주 쉽게 지도해주시니까 함께 코딩의 바다를 잘 헤쳐나가 봅시다~!</span></p>\r\n\r\n<p>&nbsp;</p>\r\n\r\n<p><span style=\"font-size:18px\">2. 정보사회의 이해2</span></p>\r\n\r\n<p><span style=\"font-size:18px\">2-1 사이버(인터넷)윤리</span></p>\r\n\r\n<p><span style=\"font-size:18px\">2-2 정보보안 : 개인정보 피해</span></p>\r\n\r\n<p><span style=\"font-size:18px\">2-3 올바른 컴퓨터 사용</span></p>\r\n\r\n<p>&nbsp;</p>\r\n\r\n<div style=\"background:#eeeeee; border:1px solid #cccccc; padding:5px 10px\"><span style=\"font-size:18px\"><strong>강의를 수강하고 이해가 안되는 것은 꼭 질문을 통해 해결하도록 합시다!</strong></span></div>\r\n\r\n<p>&nbsp;</p>\r\n\r\n<p><span style=\"font-size:18px\">화이팅!!&nbsp;</span></p>',4),(30,'자료와 정보의 표현/분석','https://www.youtube.com/embed/nuyvsIfGNqU','<p><span style=\"font-size:18px\">안녕하세요.</span></p>\r\n\r\n<p><span style=\"font-size:18px\"><img alt=\"\" height=\"67\" src=\"http://www.memaker.co.kr/uploads/files/memaker/2019/01/02/__g6iNFzB.png\" width=\"60\" /><strong>코딩선장</strong>입니다.</span></p>\r\n\r\n<p><span style=\"font-size:18px\">이번 시간에는 자료의 표현 방법과 정보의 표현 방법을 함께 배워보겠습니다!</span></p>\r\n\r\n<p><span style=\"font-size:18px\">아주아주 쉽게 지도해주시니까 함께 코딩의 바다를 잘 헤쳐나가 봅시다~!</span></p>\r\n\r\n<p>&nbsp;</p>\r\n\r\n<p><span style=\"font-size:18px\">3. 자료와 정보의 표현/분석</span></p>\r\n\r\n<p><span style=\"font-size:18px\">3-1 아날로그와 디지털</span></p>\r\n\r\n<p><span style=\"font-size:18px\">3-2 목적에 맞는 정보</span></p>\r\n\r\n<p><span style=\"font-size:18px\">3-3 구조화</span></p>\r\n\r\n<p>&nbsp;</p>\r\n\r\n<p>&nbsp;</p>\r\n\r\n<div style=\"background:#eeeeee; border:1px solid #cccccc; padding:5px 10px\"><span style=\"font-size:18px\"><strong>강의를 수강하고 이해가 안되는 것은 꼭 질문을 통해 해결하도록 합시다!</strong></span></div>\r\n\r\n<p>&nbsp;</p>\r\n\r\n<p><span style=\"font-size:18px\">화이팅!!&nbsp;</span></p>',4),(31,'추상화와 알고리즘','https://www.youtube.com/embed/I-z2UZS331Y','<p><span style=\"font-size:18px\">안녕하세요.</span></p>\r\n\r\n<p><span style=\"font-size:18px\"><img alt=\"\" height=\"67\" src=\"http://www.memaker.co.kr/uploads/files/memaker/2019/01/02/__g6iNFzB.png\" width=\"60\" /><strong>코딩선장</strong>입니다.</span></p>\r\n\r\n<p><span style=\"font-size:18px\">이제 본격적으로 코딩의&nbsp;세계로 떠나보려고 하는데요?</span></p>\r\n\r\n<p><span style=\"font-size:18px\">아주아주 쉽게 지도해주시니까 함께 코딩의 바다를 잘 헤쳐나가 봅시다~!</span></p>\r\n\r\n<p>&nbsp;</p>\r\n\r\n<p><span style=\"font-size:18px\">4. 추상화와 알고리즘</span></p>\r\n\r\n<p><span style=\"font-size:18px\">4-1 추상화란?</span></p>\r\n\r\n<p><span style=\"font-size:18px\">4-2 추상화를 통한 문제해결 방법 탐색</span></p>\r\n\r\n<p><span style=\"font-size:18px\">4-3 알고리즘이란?</span></p>\r\n\r\n<p>&nbsp;</p>\r\n\r\n<div style=\"background:#eeeeee; border:1px solid #cccccc; padding:5px 10px\"><span style=\"font-size:18px\"><strong>강의를 수강하고 이해가 안되는 것은 꼭 질문을 통해 해결하도록 합시다!</strong></span></div>\r\n\r\n<p>&nbsp;</p>\r\n\r\n<p><span style=\"font-size:18px\">화이팅!!&nbsp;</span></p>',4),(32,'프로그래밍 - 기초편','https://www.youtube.com/embed/SshBjoZvJ9s','<p><span style=\"font-size:18px\">안녕하세요.</span></p>\r\n\r\n<p><span style=\"font-size:18px\"><img alt=\"\" height=\"67\" src=\"http://www.memaker.co.kr/uploads/files/memaker/2019/01/02/__g6iNFzB.png\" width=\"60\" /><strong>코딩선장</strong>입니다.</span></p>\r\n\r\n<p><span style=\"font-size:18px\">이제 본격적으로 코딩의&nbsp;세계로 떠나보려고 하는데요?</span></p>\r\n\r\n<p><span style=\"font-size:18px\">아주아주 쉽게 지도해주시니까 함께 코딩의 바다를 잘 헤쳐나가 봅시다~!</span></p>\r\n\r\n<p>&nbsp;</p>\r\n\r\n<p><span style=\"font-size:18px\">5. 프로그래밍 - 기초편</span></p>\r\n\r\n<p><span style=\"font-size:18px\">5-1 코딩이란?</span></p>\r\n\r\n<p><span style=\"font-size:18px\">5-2 블록코딩과 &#39;엔트리&#39;</span></p>\r\n\r\n<p>&nbsp;</p>\r\n\r\n<div style=\"background:#eeeeee; border:1px solid #cccccc; padding:5px 10px\"><span style=\"font-size:18px\"><strong>강의를 수강하고 이해가 안되는 것은 꼭 질문을 통해 해결하도록 합시다!</strong></span></div>\r\n\r\n<p>&nbsp;</p>\r\n\r\n<p><span style=\"font-size:18px\">화이팅!!&nbsp;</span></p>',4),(33,'프로그래밍 - 예제편','https://www.youtube.com/embed/uRxoKkf2M9U','<p><span style=\"font-size:18px\">안녕하세요.</span></p>\r\n\r\n<p><span style=\"font-size:18px\"><img alt=\"\" height=\"67\" src=\"http://www.memaker.co.kr/uploads/files/memaker/2019/01/02/__g6iNFzB.png\" width=\"60\" /><strong>코딩선장</strong>입니다.</span></p>\r\n\r\n<p><span style=\"font-size:18px\">이제 본격적으로 코딩의&nbsp;세계로 떠나보려고 하는데요?</span></p>\r\n\r\n<p><span style=\"font-size:18px\">아주아주 쉽게 지도해주시니까 함께 코딩의 바다를 잘 헤쳐나가 봅시다~!</span></p>\r\n\r\n<p>&nbsp;</p>\r\n\r\n<p><span style=\"font-size:18px\">6. 프로그래밍 - 예제편</span></p>\r\n\r\n<p><span style=\"font-size:18px\">6-1 입력과 출력</span></p>\r\n\r\n<p><span style=\"font-size:18px\">6-2 엔트리의 입력과 출력</span></p>\r\n\r\n<p><span style=\"font-size:18px\">6-3 순차논리, 반복논리, 선택논리</span></p>\r\n\r\n<p>&nbsp;</p>\r\n\r\n<p>&nbsp;</p>\r\n\r\n<div style=\"background:#eeeeee; border:1px solid #cccccc; padding:5px 10px\"><span style=\"font-size:18px\"><strong>강의를 수강하고 이해가 안되는 것은 꼭 질문을 통해 해결하도록 합시다!</strong></span></div>\r\n\r\n<p>&nbsp;</p>\r\n\r\n<p><span style=\"font-size:18px\">화이팅!!&nbsp;</span></p>',4),(34,'프로그래밍 - 실전(1)','https://www.youtube.com/embed/LaVFpK97688','<p><span style=\"font-size:18px\">안녕하세요.</span></p>\r\n\r\n<p><span style=\"font-size:18px\"><img alt=\"\" height=\"67\" src=\"http://www.memaker.co.kr/uploads/files/memaker/2019/01/02/__g6iNFzB.png\" width=\"60\" /><strong>코딩선장</strong>입니다.</span></p>\r\n\r\n<p><span style=\"font-size:18px\">이제 본격적으로 코딩의&nbsp;세계로 떠나보려고 하는데요?</span></p>\r\n\r\n<p><span style=\"font-size:18px\">아주아주 쉽게 지도해주시니까 함께 코딩의 바다를 잘 헤쳐나가 봅시다~!</span></p>\r\n\r\n<p>&nbsp;</p>\r\n\r\n<p><span style=\"font-size:18px\">7. 프로그래밍 - 실전(1)</span></p>\r\n\r\n<p><span style=\"font-size:18px\">7-1 오브젝트 레이어</span></p>\r\n\r\n<p><span style=\"font-size:18px\">7-2 이중 반복문을 활용한 떨어지는 불덩이 만들기</span></p>\r\n\r\n<p><span style=\"font-size:18px\">7-3 무작위 값이란?</span></p>\r\n\r\n<p>&nbsp;</p>\r\n\r\n<div style=\"background:#eeeeee; border:1px solid #cccccc; padding:5px 10px\"><span style=\"font-size:18px\"><strong>강의를 수강하고 이해가 안되는 것은 꼭 질문을 통해 해결하도록 합시다!</strong></span></div>\r\n\r\n<p>&nbsp;</p>\r\n\r\n<p><span style=\"font-size:18px\">화이팅!!&nbsp;</span></p>',4),(35,'프로그래밍 - 실전(2)','https://www.youtube.com/embed/vwdMaVA-bm0','<p><span style=\"font-size:18px\">안녕하세요.</span></p>\r\n\r\n<p><span style=\"font-size:18px\"><img alt=\"\" height=\"67\" src=\"http://www.memaker.co.kr/uploads/files/memaker/2019/01/02/__g6iNFzB.png\" width=\"60\" /><strong>코딩선장</strong>입니다.</span></p>\r\n\r\n<p><span style=\"font-size:18px\">이제 본격적으로 코딩의&nbsp;세계로 떠나보려고 하는데요?</span></p>\r\n\r\n<p><span style=\"font-size:18px\">아주아주 쉽게 지도해주시니까 함께 코딩의 바다를 잘 헤쳐나가 봅시다~!</span></p>\r\n\r\n<p>&nbsp;</p>\r\n\r\n<p><span style=\"font-size:18px\">8. 프로그래밍 - 실전(2)</span></p>\r\n\r\n<p><span style=\"font-size:18px\">8-1 복제본이란?</span></p>\r\n\r\n<p><span style=\"font-size:18px\">8-2 오브젝트 움직이기</span></p>\r\n\r\n<p><span style=\"font-size:18px\">8-3 선택구조를 이용한 프로그램 종료 조건</span></p>\r\n\r\n<p>&nbsp;</p>\r\n\r\n<div style=\"background:#eeeeee; border:1px solid #cccccc; padding:5px 10px\"><span style=\"font-size:18px\"><strong>강의를 수강하고 이해가 안되는 것은 꼭 질문을 통해 해결하도록 합시다!</strong></span></div>\r\n\r\n<p>&nbsp;</p>\r\n\r\n<p><span style=\"font-size:18px\">화이팅!!&nbsp;</span></p>',4),(36,'프로그래밍 - 애니메이션(1)','https://www.youtube.com/embed/yMRuwaFq5tc','<p><span style=\"font-size:18px\">안녕하세요.</span></p>\r\n\r\n<p><span style=\"font-size:18px\"><img alt=\"\" height=\"67\" src=\"http://www.memaker.co.kr/uploads/files/memaker/2019/01/02/__g6iNFzB.png\" width=\"60\" /><strong>코딩선장</strong>입니다.</span></p>\r\n\r\n<p><span style=\"font-size:18px\">이제 본격적으로 코딩의&nbsp;세계로 떠나보려고 하는데요?</span></p>\r\n\r\n<p><span style=\"font-size:18px\">아주아주 쉽게 지도해주시니까 함께 코딩의 바다를 잘 헤쳐나가 봅시다~!</span></p>\r\n\r\n<p>&nbsp;</p>\r\n\r\n<p><span style=\"font-size:18px\">9. 프로그래밍 - 애니메이션(1)</span></p>\r\n\r\n<p><span style=\"font-size:18px\">9-1 신호 만들기</span></p>\r\n\r\n<p><span style=\"font-size:18px\">9-2 새로운 장면 추가하기</span></p>\r\n\r\n<p><span style=\"font-size:18px\">9-3 효과음 넣기</span></p>\r\n\r\n<p>&nbsp;</p>\r\n\r\n<div style=\"background:#eeeeee; border:1px solid #cccccc; padding:5px 10px\"><span style=\"font-size:18px\"><strong>강의를 수강하고 이해가 안되는 것은 꼭 질문을 통해 해결하도록 합시다!</strong></span></div>\r\n\r\n<p>&nbsp;</p>\r\n\r\n<p><span style=\"font-size:18px\">화이팅!!&nbsp;</span></p>',4),(37,'프로그래밍 - 애니메이션(2)','https://www.youtube.com/embed/MowzSgisJ8o','<p><span style=\"font-size:18px\">안녕하세요.</span></p>\r\n\r\n<p><span style=\"font-size:18px\"><img alt=\"\" height=\"67\" src=\"http://www.memaker.co.kr/uploads/files/memaker/2019/01/02/__g6iNFzB.png\" width=\"60\" /><strong>코딩선장</strong>입니다.</span></p>\r\n\r\n<p><span style=\"font-size:18px\">이제 본격적으로 코딩의&nbsp;세계로 떠나보려고 하는데요?</span></p>\r\n\r\n<p><span style=\"font-size:18px\">아주아주 쉽게 지도해주시니까 함께 코딩의 바다를 잘 헤쳐나가 봅시다~!</span></p>\r\n\r\n<p>&nbsp;</p>\r\n\r\n<p><span style=\"font-size:18px\">10 프로그래밍 - 애니메이션(2)</span></p>\r\n\r\n<p><span style=\"font-size:18px\">10-1 배경 뒤로 움직이기</span></p>\r\n\r\n<p><span style=\"font-size:18px\">10-2 연속동작 만들기</span></p>\r\n\r\n<p>&nbsp;</p>\r\n\r\n<div style=\"background:#eeeeee; border:1px solid #cccccc; padding:5px 10px\"><span style=\"font-size:18px\"><strong>강의를 수강하고 이해가 안되는 것은 꼭 질문을 통해 해결하도록 합시다!</strong></span></div>\r\n\r\n<p>&nbsp;</p>\r\n\r\n<p><span style=\"font-size:18px\">화이팅!!&nbsp;</span></p>',4),(38,'프로그래밍 - 애니메이션(3)','https://www.youtube.com/embed/Wg8xeAjF3rE','<p><span style=\"font-size:18px\">안녕하세요.</span></p>\r\n\r\n<p><span style=\"font-size:18px\"><img alt=\"\" height=\"67\" src=\"http://www.memaker.co.kr/uploads/files/memaker/2019/01/02/__g6iNFzB.png\" width=\"60\" /><strong>코딩선장</strong>입니다.</span></p>\r\n\r\n<p><span style=\"font-size:18px\">이제 본격적으로 코딩의&nbsp;세계로 떠나보려고 하는데요?</span></p>\r\n\r\n<p><span style=\"font-size:18px\">아주아주 쉽게 지도해주시니까 함께 코딩의 바다를 잘 헤쳐나가 봅시다~!</span></p>\r\n\r\n<p>&nbsp;</p>\r\n\r\n<p><span style=\"font-size:18px\">11 프로그래밍 - 애니메이션(3)</span></p>\r\n\r\n<p><span style=\"font-size:18px\">11-1 애니메이션 완성하기</span></p>\r\n\r\n<p>&nbsp;</p>\r\n\r\n<div style=\"background:#eeeeee; border:1px solid #cccccc; padding:5px 10px\"><span style=\"font-size:18px\"><strong>강의를 수강하고 이해가 안되는 것은 꼭 질문을 통해 해결하도록 합시다!</strong></span></div>\r\n\r\n<p>&nbsp;</p>\r\n\r\n<p><span style=\"font-size:18px\">화이팅!!&nbsp;</span></p>',4);
/*!40000 ALTER TABLE `products_video` ENABLE KEYS */;
UNLOCK TABLES;
/*!40103 SET TIME_ZONE=@OLD_TIME_ZONE */;

/*!40101 SET SQL_MODE=@OLD_SQL_MODE */;
/*!40014 SET FOREIGN_KEY_CHECKS=@OLD_FOREIGN_KEY_CHECKS */;
/*!40014 SET UNIQUE_CHECKS=@OLD_UNIQUE_CHECKS */;
/*!40101 SET CHARACTER_SET_CLIENT=@OLD_CHARACTER_SET_CLIENT */;
/*!40101 SET CHARACTER_SET_RESULTS=@OLD_CHARACTER_SET_RESULTS */;
/*!40101 SET COLLATION_CONNECTION=@OLD_COLLATION_CONNECTION */;
/*!40111 SET SQL_NOTES=@OLD_SQL_NOTES */;

-- Dump completed on 2019-01-20  8:29:17
